ImageNumber,ObjectNumber,Location_Center_X,Location_Center_Y,Location_Center_Z,Number_Object_Number
1,1,205.9643312101911,27.950318471337578,0,1
1,2,1185.7800276115968,34.795674183156926,0,2
1,3,944.4785992217899,40.06614785992218,0,3
1,4,1119.60092095165,45.58557175748273,0,4
1,5,723.8606431852986,51.46630934150077,0,5
1,6,461.4162849872774,75.90788804071246,0,6
1,7,840.123727486296,81.11667971808927,0,7
1,8,1072.887246852764,90.63656267104543,0,8
1,9,651.8599137931035,104.88864942528735,0,9
1,10,704.0863531225906,101.92752505782575,0,10
1,11,75.06389301634472,109.71223377909857,0,11
1,12,172.4058608058608,121.95970695970696,0,12
1,13,592.3353399433428,123.8792492917847,0,13
1,14,516.1628733997155,138.14864864864865,0,14
1,15,741.069994574064,138.8431904503527,0,15
1,16,552.1736785329018,151.41423948220066,0,16
1,17,399.93074581430744,158.8310502283105,0,17
1,18,820.4081463009144,164.83125519534497,0,18
1,19,316.73749093546047,166.66642494561276,0,19
1,20,67.62063492063493,172.03492063492064,0,20
1,21,1130.8002336448599,178.3533878504673,0,21
1,22,1199.145129224652,197.8320079522863,0,22
1,23,155.6810655147588,199.4823614110871,0,23
1,24,706.2138408304498,209.14740484429066,0,24
1,25,1093.7261592300963,217.73490813648294,0,25
1,26,316.03566529492457,219.39368998628257,0,26
1,27,893.2381877022653,222.0304207119741,0,27
1,28,460.03165584415586,226.48701298701297,0,28
1,29,1009.6365202411714,245.36089577950042,0,29
1,30,138.42971147943524,244.23572744014734,0,30
1,31,186.00075018754688,254.2610652663166,0,31
1,32,600.9322183098592,256.4348591549296,0,32
1,33,1071.7328080229227,263.506446991404,0,33
1,34,269.5917197452229,272.7770700636943,0,34
1,35,756.4556873691556,276.49127704117234,0,35
1,36,383.906577693041,279.5548141086749,0,36
1,37,60.121167883211676,285.27956204379564,0,37
1,38,208.00570342205324,290.0209125475285,0,38
1,39,907.8809121621622,301.94594594594594,0,39
1,40,1163.6456166419018,303.79420505200596,0,40
1,41,871.172932330827,303.46186895810956,0,41
1,42,510.3862031504617,326.8891906572515,0,42
1,43,553.800494641385,327.4270403957131,0,43
1,44,169.78138942001274,334.2549394518802,0,44
1,45,1188.4835501147666,334.300688599847,0,45
1,46,1036.340239912759,337.0730643402399,0,46
1,47,342.89302022178737,339.6836268754077,0,47
1,48,1066.9601694915254,345.8754237288136,0,48
1,49,956.8546617915905,355.8619744058501,0,49
1,50,487.6954459203036,377.46774193548384,0,50
1,51,56.65714285714286,392.4635714285714,0,51
1,52,242.02287822878228,401.6671586715867,0,52
1,53,744.2887377173091,417.5479969765684,0,53
1,54,133.9071038251366,417.24681238615665,0,54
1,55,597.125,423.85407725321886,0,55
1,56,162.33265720081135,427.2819472616633,0,56
1,57,312.4663962920046,435.47682502896873,0,57
1,58,894.3563611491109,450.24897400820794,0,58
1,59,151.58578607322326,462.94256999282123,0,59
1,60,279.03607503607503,474.2852332852333,0,60
1,61,184.53722179585571,478.83115886415965,0,61
1,62,241.8719806763285,503.4210950080515,0,62
1,63,211.8873949579832,513.7890756302521,0,63
1,64,795.3585951940851,515.4195933456562,0,64
1,65,1149.4167872648336,514.7424023154848,0,65
1,66,397.2063829787234,540.9446808510638,0,66
1,67,201.5212181727409,555.6260609086371,0,67
1,68,335.2425295343989,571.3724808895066,0,68
1,69,995.1214777708203,583.8628678772699,0,69
1,70,366.78950953678475,589.1955040871935,0,70
1,71,237.55659121171772,602.4161118508655,0,71
1,72,149.16267942583733,608.8157894736842,0,72
1,73,1160.3620567375885,607.1560283687943,0,73
1,74,632.052315093205,627.9043896572459,0,74
1,75,425.487597448618,626.9858256555634,0,75
1,76,490.69783197831975,634.2256097560976,0,76
1,77,795.5461647727273,640.5696022727273,0,77
1,78,539.4711830131446,653.7593528816986,0,78
1,79,579.7622857142857,662.3062857142858,0,79
1,80,1083.8974550898204,664.0254491017964,0,80
1,81,364.6875416389074,668.0359760159894,0,81
1,82,142.93374558303887,689.3012367491166,0,82
1,83,892.315300546448,706.0021857923497,0,83
1,84,468.0432473444613,710.7807283763277,0,84
1,85,942.7225400457666,714.0406178489702,0,85
1,86,1199.9326298701299,722.112012987013,0,86
1,87,478.04742268041235,748.5711340206185,0,87
1,88,643.6235813366961,783.2005044136191,0,88
1,89,269.73064735174285,792.5667722951562,0,89
1,90,324.421560035057,789.0192813321647,0,90
1,91,888.301465457083,807.840893230984,0,91
1,92,990.0183299389003,804.8180583842499,0,92
1,93,525.8582308142941,817.2583479789104,0,93
1,94,397.642061281337,825.6406685236769,0,94
1,95,793.7086553323029,830.7055641421947,0,95
1,96,1129.773212818406,835.2539030402629,0,96
1,97,749.0969316596932,870.255230125523,0,97
1,98,615.2854152128402,870.1367759944173,0,98
2,1,415.1848888888889,32.25333333333333,0,1
2,2,1098.9581430745814,34.24809741248097,0,2
2,3,551.6829052258636,44.60230292294066,0,3
2,4,1129.1938857602574,46.76427996781979,0,4
2,5,123.47349823321555,52.03651354534747,0,5
2,6,40.10851926977688,80.68356997971603,0,6
2,7,1012.0642965204236,80.5642965204236,0,7
2,8,591.0907111756169,85.6944847605225,0,8
2,9,568.3202702702703,117.16756756756757,0,9
2,10,892.5821276595744,116.15063829787233,0,10
2,11,654.1444622792937,127.01819154628143,0,11
2,12,858.0061213132999,135.99944351697272,0,12
2,13,517.3051409618574,142.52238805970148,0,13
2,14,941.5758754863813,148.52295719844358,0,14
2,15,273.02251270878725,157.51416122004358,0,15
2,16,370.1986353297953,176.07808946171343,0,16
2,17,519.2921511627907,184.56589147286823,0,17
2,18,1173.941569282137,180.2170283806344,0,18
2,19,260.7093655589124,191.21993957703927,0,19
2,20,1088.8607843137254,207.3986928104575,0,20
2,21,459.32254525507403,200.79758639605046,0,21
2,22,873.1484375,214.3810096153846,0,22
2,23,494.7908587257618,233.81255771006462,0,23
2,24,733.9075862068966,238.16620689655173,0,24
2,25,1037.1566535654126,247.87647389107244,0,25
2,26,382.26841517857144,252.58035714285714,0,26
2,27,25.294117647058822,268.0211397058824,0,27
2,28,51.362694300518136,284.38471502590676,0,28
2,29,580.1222222222223,289.3152777777778,0,29
2,30,832.0343166767008,300.258880192655,0,30
2,31,105.16887709991158,302.02475685234305,0,31
2,32,472.69913850231944,310.4956925115971,0,32
2,33,1158.1505112474438,307.7550102249489,0,33
2,34,272.6962457337884,318.84027303754266,0,34
2,35,36.86291179596174,323.4272051009564,0,35
2,36,378.4200332042059,334.67072495849476,0,36
2,37,338.18390804597703,334.8462643678161,0,37
2,38,1087.0685307017543,340.97258771929825,0,38
2,39,133.35193452380952,350.1294642857143,0,39
2,40,274.72486033519556,354.82751396648047,0,40
2,41,612.3888048411497,376.1164901664145,0,41
2,42,826.2288313505949,392.2001399580126,0,42
2,43,74.62439807383628,407.3338683788122,0,43
2,44,451.49370836417467,407.900074019245,0,44
2,45,1159.8602442333786,421.1356852103121,0,45
2,46,77.63149078726968,431.1574539363484,0,46
2,47,525.144696969697,433.3007575757576,0,47
2,48,766.1232492997199,432.03921568627453,0,48
2,49,787.6800966962128,453.64867042707493,0,49
2,50,1139.1588902900378,453.4754098360656,0,50
2,51,1056.3076923076924,457.57875457875457,0,51
2,52,895.1308858739027,468.00319233838786,0,52
2,53,345.2153153153153,469.84864864864863,0,53
2,54,110.45042678923178,481.63887065003286,0,54
2,55,218.02602739726026,484.60616438356163,0,55
2,56,320.08978494623653,508.0376344086022,0,56
2,57,395.9291479820628,512.3946188340807,0,57
2,58,1187.0596153846154,511.84615384615387,0,58
2,59,1119.5111856823266,529.4519015659955,0,59
2,60,686.7406576980568,532.3684603886397,0,60
2,61,302.19623131903836,543.7680311890838,0,61
2,62,751.216894977169,548.7153729071538,0,62
2,63,36.943661971830984,572.7725352112676,0,63
2,64,1039.4454545454546,577.8787878787879,0,64
2,65,1081.6784544859202,576.7426326129666,0,65
2,66,925.6365688487584,582.9450714823175,0,66
2,67,428.00335120643433,610.514745308311,0,67
2,68,1138.4283276450512,613.9957337883959,0,68
2,69,859.9802431610942,626.4407294832827,0,69
2,70,579.0541254125412,628.3201320132014,0,70
2,71,1029.9144587433761,645.227857683573,0,71
2,72,1182.9112947658402,645.934435261708,0,72
2,73,250.6813353566009,667.0204855842185,0,73
2,74,106.3997606223818,672.4865350089767,0,74
2,75,436.80896686159844,677.6559454191033,0,75
2,76,483.6336241078509,681.9516256938938,0,76
2,77,334.40099937539037,684.579637726421,0,77
2,78,635.779397473275,688.2978620019436,0,78
2,79,22.343177189409367,691.1771894093687,0,79
2,80,437.8309920983319,723.7339771729587,0,80
2,81,725.4493055555556,742.7,0,81
2,82,390.6810035842294,748.2258064516129,0,82
2,83,563.621107266436,761.9913494809689,0,83
2,84,874.1363636363636,771.5690235690236,0,84
2,85,1077.1974569932686,773.4525056095737,0,85
2,86,1017.2940388479572,785.4373744139317,0,86
2,87,1179.84855233853,806.4758723088345,0,87
2,88,498.3010355029586,811.7152366863905,0,88
2,89,759.0847723704867,826.0164835164835,0,89
2,90,510.21989966555185,846.5660535117057,0,90
2,91,577.4832677165355,854.1446850393701,0,91
2,92,1133.9345335515548,857.9459901800327,0,92
2,93,640.6498838109992,881.4717273431448,0,93
2,94,990.8194207836457,887.4224872231687,0,94
3,1,970.3705985915493,52.804577464788736,0,1
3,2,401.0873949579832,56.443697478991595,0,2
3,3,649.9926017262638,82.21948212083848,0,3
3,4,76.99071729957807,112.79831223628692,0,4
3,5,1194.052833078101,110.22511485451761,0,5
3,6,258.67364414843007,116.53948620361561,0,6
3,7,524.8709677419355,118.02400600150038,0,7
3,8,743.6421800947867,118.82859399684044,0,8
3,9,996.468373493976,140.8975903614458,0,9
3,10,911.0384870603849,145.30789648307896,0,10
3,11,618.9146282973621,167.73525179856114,0,11
3,12,777.2485946283573,176.83822610868208,0,12
3,13,1068.2541666666666,186.73333333333332,0,13
3,14,484.1305248618784,190.4468232044199,0,14
3,15,135.01893171061528,200.04124408384044,0,15
3,16,83.47147651006712,197.9748322147651,0,16
3,17,895.687552213868,191.7201336675021,0,17
3,18,676.379013761468,198.9598623853211,0,18
3,19,286.8781313473257,205.7400135409614,0,19
3,20,869.8924528301886,213.46603773584906,0,20
3,21,198.98361650485438,227.15473300970874,0,21
3,22,1028.389576883385,227.50670794633643,0,22
3,23,470.3382451440054,230.324849296718,0,23
3,24,206.48442367601245,282.8543613707165,0,24
3,25,746.984771573604,287.9111675126904,0,25
3,26,485.30205441421435,299.5302609661299,0,26
3,27,523.5918629550321,302.9169164882227,0,27
3,28,189.9122695486332,314.02924348378895,0,28
3,29,942.1157528285465,322.54569190600523,0,29
3,30,42.80871306960441,334.1992989484226,0,30
3,31,613.36,341.1276595744681,0,31
3,32,1183.3159771754636,341.61412268188303,0,32
3,33,1118.6568699485672,345.33504775900076,0,33
3,34,1060.6816666666666,365.20666666666665,0,34
3,35,737.984474241355,373.5645730416373,0,35
3,36,122.03523382447149,373.15631005765533,0,36
3,37,345.1864064602961,386.88290713324363,0,37
3,38,466.7722081218274,389.43781725888323,0,38
3,39,1109.6369365002424,393.3523994183228,0,39
3,40,873.0246268656716,394.6962686567164,0,40
3,41,727.4398395721926,412.5982620320856,0,41
3,42,141.73587674247983,418.0190755685987,0,42
3,43,941.5108086469176,431.38110488390714,0,43
3,44,1188.8382222222222,436.28444444444443,0,44
3,45,986.1131025957973,450.99505562422746,0,45
3,46,375.7760663507109,463.1718009478673,0,46
3,47,131.90222222222224,483.5676190476191,0,47
3,48,593.8953786906291,503.88767650834404,0,48
3,49,850.5697674418604,504.8381037567084,0,49
3,50,638.215710723192,513.4725685785536,0,50
3,51,712.5443786982248,517.8550295857988,0,51
3,52,805.8015717092338,523.5821872953503,0,52
3,53,76.69038076152304,530.1427855711423,0,53
3,54,1136.6564160971907,539.4225512528474,0,54
3,55,423.8703703703704,541.7784391534392,0,55
3,56,232.9603118355776,545.0935506732814,0,56
3,57,163.1072186836518,555.5631634819533,0,57
3,58,874.416037735849,561.8952830188679,0,58
3,59,762.1083032490975,597.9617328519855,0,59
3,60,319.0871886120996,600.4306049822064,0,60
3,61,679.4862924281985,618.5365535248042,0,61
3,62,367.1570545829042,624.5947476828012,0,62
3,63,1047.660294117647,648.7470588235294,0,63
3,64,78.33208395802099,654.4865067466267,0,64
3,65,956.6255411255411,654.8001443001443,0,65
3,66,138.47619047619048,665.4520358868185,0,66
3,67,244.65307532826537,668.9930891499655,0,67
3,68,179.15595075239398,694.3242134062928,0,68
3,69,48.21497584541063,698.121578099839,0,69
3,70,573.2054263565891,700.5322997416021,0,70
3,71,323.3941215764863,702.1523046092184,0,71
3,72,933.5469208211143,711.8284457478006,0,72
3,73,70.1584084084084,726.6268768768768,0,73
3,74,365.20310391363023,729.699730094467,0,74
3,75,797.6263368983957,757.7005347593583,0,75
3,76,629.9303370786516,774.3024719101123,0,76
3,77,154.43178893178893,787.2252252252252,0,77
3,78,1124.6683710737764,788.3900657414171,0,78
3,79,676.0631629701061,796.9030858244937,0,79
3,80,69.48898365316276,804.9040511727079,0,80
3,81,257.3173582700175,806.2799532437172,0,81
3,82,1005.2080200501254,817.6858813700919,0,82
3,83,502.00966494845363,818.889175257732,0,83
3,84,1172.607159247361,819.6764570904085,0,84
3,85,632.3635014836796,821.4666172106824,0,85
3,86,85.9005722460658,836.5679542203147,0,86
3,87,818.9966914805625,861.1720430107526,0,87
3,88,961.0997130559541,878.9842180774749,0,88
4,1,517.7953216374269,25.972059779077323,0,1
4,2,823.8872131147541,48.337704918032784,0,2
4,3,654.2427063935444,51.89075108628181,0,3
4,4,270.78704297626683,63.57729313662604,0,4
4,5,1016.3016949152542,61.23276836158192,0,5
4,6,473.1179381443299,72.12453608247422,0,6
4,7,1063.280178837556,82.34426229508196,0,7
4,8,1191.621212121212,85.39520202020202,0,8
4,9,995.0900723208415,91.51610782380013,0,9
4,10,1032.8308501314636,99.46099912357582,0,10
4,11,892.9606440071557,101.48881932021467,0,11
4,12,776.4684410646388,121.91178707224334,0,12
4,13,944.3637833468068,117.28940986257074,0,13
4,14,640.9069767441861,128.69051878354205,0,14
4,15,478.1349840255591,136.46246006389777,0,15
4,16,384.9435431537962,142.43543153796236,0,16
4,17,230.2299319727891,147.41224489795917,0,17
4,18,689.9900924702774,149.32694848084543,0,18
4,19,59.77984274481773,151.6733380986419,0,19
4,20,985.8362470862471,154.14743589743588,0,20
4,21,804.1314314824249,164.43963321446765,0,21
4,22,732.1807664497469,180.60809833694867,0,22
4,23,1197.9317751105496,198.11118130132658,0,23
4,24,553.4298584298584,236.8803088803089,0,24
4,25,863.2502071251035,240.15741507870754,0,25
4,26,89.19893292682927,242.54954268292684,0,26
4,27,242.64620729588881,242.52287203242616,0,27
4,28,1055.6354166666667,252.55208333333334,0,28
4,29,684.0496183206106,257.24503816793896,0,29
4,30,945.302116741501,262.3175112251443,0,30
4,31,891.8118948824343,265.90594744121717,0,31
4,32,293.4186046511628,279.2307692307692,0,32
4,33,214.71097770154373,281.7195540308748,0,33
4,34,1122.2261989978526,283.5798138869005,0,34
4,35,840.684518013632,288.9483933787731,0,35
4,36,341.86464968152865,290.7420382165605,0,36
4,37,531.605138607167,312.56457065584857,0,37
4,38,71.06639004149378,319.31120331950206,0,38
4,39,975.6771428571428,331.26785714285717,0,39
4,40,187.54390742001362,346.2695711368278,0,40
4,41,629.2131782945736,354.6782945736434,0,41
4,42,732.0410367170626,361.4254859611231,0,42
4,43,253.87934782608696,373.88260869565215,0,43
4,44,473.67192429022083,375.2018927444795,0,44
4,45,1102.18349564326,411.41465914915426,0,45
4,46,303.3782654127482,415.7836990595611,0,46
4,47,934.6044962531224,419.36053288925893,0,47
4,48,380.48678720445065,424.46592489568843,0,48
4,49,269.5620767494357,436.0022573363431,0,49
4,50,330.4556053811659,436.4538116591928,0,50
4,51,780.6883928571428,438.5267857142857,0,51
4,52,566.4991735537191,464.76776859504133,0,52
4,53,1191.1875357347055,464.4814179531161,0,53
4,54,31.370454545454546,480.9106060606061,0,54
4,55,511.4728171334432,482.86490939044484,0,55
4,56,939.6534653465346,487.8456610366919,0,56
4,57,1018.2412095639944,492.7376933895921,0,57
4,58,1137.5504935459378,509.2892938496583,0,58
4,59,524.231338264963,513.3618022864829,0,59
4,60,314.6735419630156,515.2396870554766,0,60
4,61,627.7340909090909,516.4810606060606,0,61
4,62,77.20954692556634,532.2734627831716,0,62
4,63,787.0385906040268,531.9362416107383,0,63
4,64,1090.4009819967266,539.7054009819967,0,64
4,65,193.77152899824253,552.1599297012302,0,65
4,66,99.28626842513576,578.7486423584173,0,66
4,67,1092.8415910676902,576.8150732728542,0,67
4,68,807.9421241050119,581.5417661097852,0,68
4,69,489.1831683168317,586.983498349835,0,69
4,70,248.44302090357382,595.751854349292,0,70
4,71,945.2238924050633,607.6392405063291,0,71
4,72,398.1699258260283,605.0478759271747,0,72
4,73,277.94056463595837,624.2540861812779,0,73
4,74,421.70115399920417,641.7600477516912,0,74
4,75,93.45075016307894,655.2120026092629,0,75
4,76,1061.1935483870968,655.5049627791564,0,76
4,77,791.535606060606,659.8628787878788,0,77
4,78,365.4427194860814,677.0942184154176,0,78
4,79,666.500762195122,667.6966463414634,0,79
4,80,132.6388763026733,676.8504757589488,0,80
4,81,334.14008620689657,688.3390804597701,0,81
4,82,1105.013071895425,679.8707334785767,0,82
4,83,210.06058981233244,699.8552278820375,0,83
4,84,1139.279299847793,703.5631659056316,0,84
4,85,881.0474683544304,717.0751582278481,0,85
4,86,425.3236903831118,717.2455043002345,0,86
4,87,592.5179750550257,724.1093176815847,0,87
4,88,913.3984674329502,723.6685823754789,0,88
4,89,377.037037037037,736.2929292929293,0,89
4,90,963.7771639042357,740.9198895027624,0,90
4,91,317.5873968492123,777.5686421605401,0,91
4,92,736.1265611990009,780.3730224812656,0,92
4,93,416.1135014836795,781.8939169139466,0,93
4,94,488.9004329004329,784.9480519480519,0,94
4,95,384.5244604316547,800.5172661870504,0,95
4,96,199.93503937007873,800.5938320209974,0,96
4,97,633.7893081761006,810.6238993710692,0,97
4,98,168.86662106703147,820.8365253077975,0,98
4,99,1085.9837837837838,821.5938223938224,0,99
4,100,243.48301886792453,848.2094339622641,0,100
5,1,351.86246418338106,31.893266475644698,0,1
5,2,116.66721854304636,40.086092715231786,0,2
5,3,711.7836787564767,40.81670984455958,0,3
5,4,824.2131893121092,47.47697555429221,0,4
5,5,890.2761627906976,51.65406976744186,0,5
5,6,390.5466262319939,54.43138741470811,0,6
5,7,61.12676056338028,59.60328638497653,0,7
5,8,158.1184636742249,74.67653863951874,0,8
5,9,582.1691772885284,97.88933951332561,0,9
5,10,724.8206214689266,96.24435028248588,0,10
5,11,114.91816693944354,99.94762684124386,0,11
5,12,394.4305071622145,94.43050716221448,0,12
5,13,1074.0867287543656,111.87892898719441,0,13
5,14,696.6496598639455,115.08673469387755,0,14
5,15,136.25179340028694,133.6764705882353,0,15
5,16,445.95841716968476,138.3085177733065,0,16
5,17,896.5556195965418,140.8979827089337,0,17
5,18,706.8901303538175,145.11607697082556,0,18
5,19,96.55162241887906,146.95058997050148,0,19
5,20,667.9121835443038,163.7879746835443,0,20
5,21,78.63280853224987,191.70695784662266,0,21
5,22,640.2375,194.16666666666666,0,22
5,23,326.50048030739674,194.16522574447646,0,23
5,24,558.6498360655738,202.17508196721312,0,24
5,25,276.62720588235294,205.65882352941176,0,25
5,26,41.73869731800766,212.74176245210728,0,26
5,27,131.2,222.89655172413794,0,27
5,28,446.49969897652016,240.31246237206503,0,28
5,29,1021.5078534031413,258.0972326103216,0,29
5,30,1129.6903765690377,261.19299163179915,0,30
5,31,97.28116343490305,264.6031855955679,0,31
5,32,612.6244162775183,274.91727818545695,0,32
5,33,785.8480333730631,287.1376638855781,0,33
5,34,934.64302416212,285.91192517537024,0,34
5,35,825.8967484312607,340.1158014831717,0,35
5,36,90.8024429102496,348.231014338821,0,36
5,37,491.46771771771773,357.6666666666667,0,37
5,38,1168.6141732283465,359.78582677165355,0,38
5,39,977.0030864197531,365.15817901234567,0,39
5,40,587.4424057084608,377.07747196738023,0,40
5,41,994.5065055762082,390.22769516728624,0,41
5,42,81.41576819407008,392.010781671159,0,42
5,43,1189.0492063492063,408.034126984127,0,43
5,44,26.01860119047619,429.6949404761905,0,44
5,45,971.9265887509131,447.8692476260044,0,45
5,46,365.74984365228266,440.9105691056911,0,46
5,47,1068.0790611488574,447.6034589252625,0,47
5,48,674.1165594855305,464.6004823151125,0,48
5,49,215.00613154960982,468.18729096989966,0,49
5,50,623.1027972027972,470.06503496503495,0,50
5,51,172.75359342915812,475.04928131416835,0,51
5,52,530.4474375821288,475.1057818659658,0,52
5,53,1135.3875838926174,479.17785234899327,0,53
5,54,779.3245784695201,491.57360570687416,0,54
5,55,699.9074803149606,499.3917322834646,0,55
5,56,936.3525322740815,522.9682224428997,0,56
5,57,1162.821357285429,526.1996007984031,0,57
5,58,72.4125,528.6916666666667,0,58
5,59,269.0821752265861,537.0422960725075,0,59
5,60,860.3851674641148,540.3857655502393,0,60
5,61,365.6254355400697,548.5493612078978,0,61
5,62,476.40264900662254,551.1668874172185,0,62
5,63,413.5073280721533,548.3393461104848,0,63
5,64,778.7528925619835,559.2148760330579,0,64
5,65,444.64496124031007,562.5472868217054,0,65
5,66,923.4200310559006,563.7344720496894,0,66
5,67,566.0256959314776,598.4346895074947,0,67
5,68,1065.4381846635367,611.5500782472614,0,68
5,69,676.2264890282132,615.1136363636364,0,69
5,70,87.26985796948975,622.7306680694371,0,70
5,71,227.2987804878049,624.7896341463414,0,71
5,72,828.8121546961326,628.5998421468034,0,72
5,73,873.0928196147111,631.2346760070053,0,73
5,74,279.34479793637144,634.8512467755804,0,74
5,75,755.7053435114503,646.5442748091604,0,75
5,76,1048.0405286343612,656.8969162995595,0,76
5,77,681.0021052631579,676.9761403508772,0,77
5,78,466.2517214996174,681.2333588370313,0,78
5,79,832.6472727272727,683.4854545454546,0,79
5,80,1202.986320109439,720.7359781121751,0,80
5,81,646.9190887666929,725.9615082482326,0,81
5,82,468.46507352941177,730.7647058823529,0,82
5,83,478.88974641675856,754.4310915104741,0,83
5,84,131.79683597002497,759.4238134887594,0,84
5,85,166.7576763485477,767.8547717842324,0,85
5,86,65.55274888558692,772.1537890044576,0,86
5,87,334.8932748538012,780.4978070175439,0,87
5,88,430.84157832744404,785.2002355712604,0,88
5,89,222.50541516245488,790.6290613718412,0,89
5,90,146.823613086771,795.4893314366999,0,90
5,91,532.1875,803.9495481927711,0,91
5,92,941.7970297029703,810.1980198019802,0,92
5,93,472.1791505791506,813.3691119691119,0,93
5,94,1103.3693950177935,816.6291814946619,0,94
5,95,671.1608996539792,822.3166089965398,0,95
5,96,581.8042704626334,845.5238434163701,0,96
5,97,105.50696378830084,848.7186629526462,0,97
5,98,773.7950116913483,851.3780202650039,0,98
6,1,400.69406392694066,38.421004566210044,0,1
6,2,938.0846715328468,40.27080291970803,0,2
6,3,194.60704052394595,48.9250920998772,0,3
6,4,541.902260232132,73.84789248625535,0,4
6,5,685.318563789152,73.66386554621849,0,5
6,6,764.2295988934993,82.82088520055325,0,6
6,7,505.6528384279476,95.61310043668122,0,7
6,8,160.27532290958533,101.33990482664854,0,8
6,9,96.65991902834008,104.65263157894736,0,9
6,10,815.4398456681866,107.36338126972991,0,10
6,11,56.419816723940436,116.02806414662085,0,11
6,12,303.1716705157814,116.44572748267899,0,12
6,13,865.088749126485,131.25716282320056,0,13
6,14,395.89042089985486,134.60159651669085,0,14
6,15,1068.4656925031766,150.27445997458705,0,15
6,16,656.0142348754448,155.02633451957294,0,16
6,17,832.5668534827862,158.3530824659728,0,17
6,18,223.70361207323108,171.51410192973776,0,18
6,19,727.3415195702225,189.5594781273983,0,19
6,20,915.5744680851063,193.61605415860734,0,20
6,21,48.24428274428274,210.90176715176716,0,21
6,22,580.7820665083135,211.79631828978623,0,22
6,23,557.6398872445384,238.1740662438337,0,23
6,24,900.3781861292234,233.03260225251927,0,24
6,25,19.46482122260669,255.75663206459055,0,25
6,26,387.6619170984456,259.92875647668393,0,26
6,27,975.9474605954466,257.97810858143606,0,27
6,28,197.8285498489426,276.46676737160124,0,28
6,29,527.5858328015316,290.09317166560305,0,29
6,30,737.4988730277986,290.3613824192337,0,30
6,31,68.84740078256009,300.79206260480714,0,31
6,32,241.47256766642283,297.87637161667885,0,32
6,33,849.8490861618799,310.1608355091384,0,33
6,34,734.0350291909925,327.17347789824856,0,34
6,35,475.92984615384614,353.88246153846154,0,35
6,36,653.6572022160665,360.82894736842104,0,36
6,37,702.8671789242591,362.9586534943286,0,37
6,38,529.3211064341551,389.4004810583283,0,38
6,39,1023.0211171662125,403.1982288828338,0,39
6,40,695.18,406.09444444444443,0,40
6,41,569.2564102564103,408.982905982906,0,41
6,42,757.0225197808886,435.1180766889836,0,42
6,43,964.0292184075968,436.71365960555147,0,43
6,44,519.8013888888889,435.1173611111111,0,44
6,45,153.1017251635931,463.4907792980369,0,45
6,46,583.0659898477157,476.4524111675127,0,46
6,47,428.75950196592396,478.07339449541286,0,47
6,48,817.1969696969697,477.15686274509807,0,48
6,49,746.1947496947497,477.7728937728938,0,49
6,50,297.85388127853884,483.04623287671234,0,50
6,51,1172.735459662289,497.6072545340838,0,51
6,52,144.0130222463375,508.05697232772656,0,52
6,53,553.7012195121952,510.9115853658537,0,53
6,54,957.9577995478523,518.3338357196684,0,54
6,55,566.851411589896,534.812778603269,0,55
6,56,1153.6152450090744,540.3275862068965,0,56
6,57,701.8126752664049,553.1093662366798,0,57
6,58,110.51915184678522,562.4363885088919,0,58
6,59,254.63456790123456,577.7917695473251,0,59
6,60,345.8515519568151,576.5971659919028,0,60
6,61,759.2455845248107,587.0647603027754,0,61
6,62,849.9209855564995,598.393372982158,0,62
6,63,582.8373702422145,601.9134948096886,0,63
6,64,266.4099099099099,626.951951951952,0,64
6,65,739.5104270109235,624.1876861966236,0,65
6,66,791.0723155588021,634.1402483564646,0,66
6,67,532.6556042579837,639.5416405760801,0,67
6,68,1068.3230633802816,645.612676056338,0,68
6,69,443.24676923076925,665.5587692307693,0,69
6,70,236.2520593080725,670.322075782537,0,70
6,71,867.1727172717272,668.6413641364136,0,71
6,72,1051.4085943190096,690.9664967225054,0,72
6,73,704.9310344827586,702.5229885057471,0,73
6,74,879.4988439306359,706.9601156069364,0,74
6,75,199.885593220339,712.0217917675545,0,75
6,76,911.3020134228188,714.6126558005752,0,76
6,77,345.5119825708061,717.0101670297748,0,77
6,78,681.0214224507283,746.9494430162811,0,78
6,79,569.5778635778636,762.6435006435006,0,79
6,80,1118.5703012912481,770.7991391678622,0,80
6,81,32.33765298776098,774.92656587473,0,81
6,82,602.7876330461227,779.9204257475925,0,82
6,83,1085.006456241033,784.157819225251,0,83
6,84,862.7410329985653,786.0086083213773,0,84
6,85,710.5580842391304,787.9524456521739,0,85
6,86,371.3505843071786,810.4641068447412,0,86
6,87,307.6814863968149,811.7982747179827,0,87
6,88,229.39005235602093,828.0798429319372,0,88
6,89,1012.4257095158598,834.5809682804675,0,89
6,90,1060.7494163424124,848.6163424124513,0,90
6,91,907.3503480278422,851.570765661253,0,91
7,1,338.1378420237481,28.666494579246258,0,1
7,2,91.3081438004402,33.705796038151135,0,2
7,3,564.8874734607218,47.04830148619958,0,3
7,4,295.6459537572254,52.27601156069364,0,4
7,5,790.6167326172979,51.46071226681741,0,5
7,6,530.8347280334729,70.96373779637378,0,6
7,7,338.80825242718447,78.27669902912622,0,7
7,8,434.6652813299233,92.55658567774935,0,8
7,9,183.6692216981132,102.71285377358491,0,9
7,10,1180.4610983981693,125.98741418764303,0,10
7,11,286.8872017353579,128.06724511930585,0,11
7,12,700.6466212027278,128.31680099194048,0,12
7,13,983.292600422833,129.54038054968288,0,13
7,14,562.8491856677524,153.2511400651466,0,14
7,15,820.2159624413146,154.96165884194053,0,15
7,16,358.29620462046205,155.03547854785478,0,16
7,17,897.1155950752394,158.1655266757866,0,17
7,18,322.2272957889396,165.8335870116692,0,18
7,19,155.90495867768595,179.86845730027548,0,19
7,20,630.0233082706767,181.31654135338346,0,20
7,21,236.63974151857835,189.10096930533118,0,21
7,22,978.972433460076,195.21768060836501,0,22
7,23,412.696191319752,209.71213463241807,0,23
7,24,552.9415619879848,208.66411796832332,0,24
7,25,194.9305457122608,213.99645641389085,0,25
7,26,453.10872093023255,227.96279069767442,0,26
7,27,79.84227129337539,229.8559411146162,0,27
7,28,721.5234693877551,232.96632653061224,0,28
7,29,666.3629518072289,243.1875,0,29
7,30,1161.209133024487,259.6677696889477,0,30
7,31,524.3721302722904,260.58195408435665,0,31
7,32,706.2173913043479,268.82072662298987,0,32
7,33,1103.9849677881175,268.94058697208305,0,33
7,34,246.4402467232074,271.86121819583656,0,34
7,35,135.93601089176312,283.9244383934649,0,35
7,36,899.9657559198542,297.6684881602914,0,36
7,37,745.6166666666667,299.7927536231884,0,37
7,38,1046.1986206896552,304.64,0,38
7,39,336.14385614385617,311.537962037962,0,39
7,40,594.1863425925926,319.0925925925926,0,40
7,41,206.87183811129847,327.93929173693084,0,41
7,42,1113.2369668246445,327.1445497630332,0,42
7,43,521.8963486454653,332.63250883392226,0,43
7,44,304.8553750966744,340.0061871616396,0,44
7,45,644.1258358662614,338.8796352583587,0,45
7,46,67.44349540078844,357.06833114323257,0,46
7,47,565.0269953051643,357.65727699530515,0,47
7,48,686.1855670103092,367.08247422680415,0,48
7,49,228.05790645879733,368.73793615441724,0,49
7,50,1027.3368128044538,372.7508698677801,0,50
7,51,776.3866559485531,389.108922829582,0,51
7,52,666.7864077669902,398.2487286176607,0,52
7,53,607.8434382194935,403.10552570990023,0,53
7,54,191.09618320610687,419.76412213740457,0,54
7,55,423.01170446232624,419.16605705925383,0,55
7,56,1087.2525900345338,420.53576714356194,0,56
7,57,1164.4253949678175,451.7905207723815,0,57
7,58,501.6005235602094,459.2780104712042,0,58
7,59,874.9475890985325,456.0055904961565,0,59
7,60,726.2479166666667,478.05833333333334,0,60
7,61,101.274231678487,498.2253743104807,0,61
7,62,1022.155655482532,519.4631615358007,0,62
7,63,842.6931179775281,523.6460674157304,0,63
7,64,643.6873156342183,540.2979351032449,0,64
7,65,375.57758620689657,550.1192528735633,0,65
7,66,247.8641370869033,557.3235414116687,0,66
7,67,450.5939765755717,566.2208588957055,0,67
7,68,159.40445486518172,567.5187573270808,0,68
7,69,926.0781589231437,583.7038645245332,0,69
7,70,303.0224047796863,605.2397311426438,0,70
7,71,647.9574750830565,614.2046511627907,0,71
7,72,108.17133956386293,634.398753894081,0,72
7,73,770.9932795698925,640.2533602150538,0,73
7,74,130.25122549019608,672.9589460784314,0,74
7,75,470.3305439330544,672.6534170153417,0,75
7,76,947.1691240242844,675.3113616652212,0,76
7,77,386.62176165803106,683.7176165803108,0,77
7,78,499.6292852992446,703.8373038930854,0,78
7,79,188.66841552990556,695.1395592864639,0,79
7,80,885.1580882352941,719.6889705882353,0,80
7,81,345.832838038633,726.0616641901931,0,81
7,82,230.9170274170274,735.4790764790765,0,82
7,83,681.8320115356885,737.5328046142754,0,83
7,84,1044.0050647158132,740.5672481710749,0,84
7,85,1002.1756535947712,749.2336601307189,0,85
7,86,405.86401925391095,768.1263537906137,0,86
7,87,266.314266487214,774.8660834454912,0,87
7,88,536.3107810781078,789.7106710671067,0,88
7,89,765.9439446366782,784.0048442906574,0,89
7,90,120.8075780089153,786.0029717682021,0,90
7,91,723.4616393442623,795.7868852459017,0,91
7,92,616.2828375286041,828.7112128146454,0,92
7,93,822.7292243767313,845.5962603878116,0,93
7,94,1115.6781609195402,866.0996168582376,0,94
7,95,484.0105421686747,876.8034638554217,0,95
8,1,781.3635359116022,38.422099447513816,0,1
8,2,1143.668757841907,39.70828105395232,0,2
8,3,238.37834036568213,86.17299578059071,0,3
8,4,52.48510427010923,119.59136047666335,0,4
8,5,1160.2840520191648,121.90280629705681,0,5
8,6,1013.2035971223022,125.5,0,6
8,7,1100.9658284977434,135.57962604771114,0,7
8,8,615.6613946800862,149.7469446441409,0,8
8,9,947.7416552354824,155.8395061728395,0,9
8,10,63.155102040816324,159.59183673469389,0,10
8,11,691.7412545235223,162.58624849215923,0,11
8,12,115.84172661870504,162.81007194244603,0,12
8,13,537.6268034626482,212.04103879448542,0,13
8,14,180.39561707035756,204.1833910034602,0,14
8,15,637.2319778188539,213.3576709796673,0,15
8,16,728.2965023847377,227.47933227344993,0,16
8,17,174.5763221153846,251.13040865384616,0,17
8,18,1074.9112377850163,258.62540716612375,0,18
8,19,804.6482851378614,262.80766644250167,0,19
8,20,753.5505882352941,267.08235294117645,0,20
8,21,1015.1657874905802,275.37678975131877,0,21
8,22,1161.797619047619,271.9963768115942,0,22
8,23,542.1693272519955,286.2896237172178,0,23
8,24,147.12084063047286,290.45534150612957,0,24
8,25,656.0203366058906,296.1851332398317,0,25
8,26,1112.691188358933,296.3274050121261,0,26
8,27,283.80281690140845,293.0808005930319,0,27
8,28,923.534131736527,295.2149700598802,0,28
8,29,178.73823724320744,302.6699801192843,0,29
8,30,253.14963054187191,322.36330049261085,0,30
8,31,338.76416963931825,324.2564407451447,0,31
8,32,93.57992007992009,332.6903096903097,0,32
8,33,376.87179487179486,334.0188536953243,0,33
8,34,416.0875468164794,340.2434456928839,0,34
8,35,717.6294602012808,353.647758462946,0,35
8,36,851.7283464566929,360.9929133858268,0,36
8,37,526.76298106292,364.6432498472816,0,37
8,38,948.9467061435973,362.2339008142117,0,38
8,39,323.64857530529173,370.1160108548168,0,39
8,40,1066.6087179487179,391.65128205128207,0,40
8,41,348.4368117461982,406.65495542737284,0,41
8,42,665.1855774079677,409.6757438224912,0,42
8,43,715.0444444444445,419.66190476190474,0,43
8,44,167.91731770833334,421.9173177083333,0,44
8,45,591.5154038301415,422.66278101582014,0,45
8,46,819.5819088319088,429.3440170940171,0,46
8,47,895.3341190335886,428.2616381850324,0,47
8,48,518.2802728823195,444.6691301876066,0,48
8,49,88.4904831625183,446.5344070278185,0,49
8,50,295.1461224489796,461.4669387755102,0,50
8,51,441.94939759036146,462.8706827309237,0,51
8,52,600.7707039337474,464.56832298136646,0,52
8,53,197.45222929936307,469.20222929936307,0,53
8,54,339.5262321144674,473.47058823529414,0,54
8,55,221.99320190346702,483.5866757307954,0,55
8,56,266.01929092805005,487.1444212721585,0,56
8,57,442.0220197418375,500.62186788154895,0,57
8,58,744.4672835426305,498.7653668208857,0,58
8,59,1137.5873715124817,513.909691629956,0,59
8,60,842.5750889679715,516.4505338078292,0,60
8,61,238.92741935483872,523.0843108504399,0,61
8,62,317.822206095791,525.9325108853411,0,62
8,63,432.4257907542579,539.956204379562,0,63
8,64,988.8211997670355,541.5602795573675,0,64
8,65,506.8343949044586,541.8268312101911,0,65
8,66,403.68129032258065,547.341935483871,0,66
8,67,442.6379731379731,572.5360195360196,0,67
8,68,909.5661268556005,570.9527665317139,0,68
8,69,407.58512396694215,576.1834710743801,0,69
8,70,517.9829192546584,581.152950310559,0,70
8,71,1145.1509229098806,581.6302931596091,0,71
8,72,253.03928790669121,589.3965623081646,0,72
8,73,489.2280487804878,598.7439024390244,0,73
8,74,612.016393442623,620.5825136612021,0,74
8,75,51.124242424242425,637.6431818181818,0,75
8,76,825.8139717425431,640.8893249607536,0,76
8,77,388.4566145092461,646.0426742532005,0,77
8,78,669.0662020905924,644.0156794425087,0,78
8,79,700.0517503805175,645.568493150685,0,79
8,80,296.96968085106386,658.0313829787234,0,80
8,81,602.7684931506849,656.0945205479452,0,81
8,82,331.9774964838256,674.4824191279887,0,82
8,83,792.1133144475921,668.122521246459,0,83
8,84,439.33676470588233,685.4720588235294,0,84
8,85,576.9156363636364,685.6043636363636,0,85
8,86,728.1231422505308,683.9787685774947,0,86
8,87,184.57960027567196,689.0668504479669,0,87
8,88,868.0344827586207,697.2677484787018,0,88
8,89,1020.4351630867144,698.6085918854416,0,89
8,90,651.7561307901907,698.3269754768393,0,90
8,91,54.43956043956044,703.0714285714286,0,91
8,92,927.6766759776536,702.3847765363129,0,92
8,93,593.8728991596639,715.9989495798319,0,93
8,94,770.3031161473087,714.9660056657224,0,94
8,95,282.78591065292096,711.3972508591065,0,95
8,96,319.2716049382716,720.2786596119929,0,96
8,97,535.5360050093926,726.8703819661866,0,97
8,98,1129.2918707149854,727.1185112634672,0,98
8,99,685.71906614786,735.6256809338521,0,99
8,100,793.7836949375411,740.2386587771203,0,100
8,101,744.3480113636364,766.3387784090909,0,101
8,102,511.70648623425103,765.3154456369575,0,102
8,103,893.6596736596737,773.4265734265734,0,103
8,104,958.8237011091652,773.5323992994746,0,104
8,105,798.4377952755906,774.8590551181103,0,105
8,106,640.790628115653,795.357926221336,0,106
8,107,536.9517063747585,798.8029620090148,0,107
8,108,97.51996867658575,801.0884886452624,0,108
8,109,871.6299157303371,805.743679775281,0,109
8,110,463.1238660153524,821.7512212142359,0,110
8,111,1005.2407120743034,818.1764705882352,0,111
8,112,38.511923688394276,825.9014308426073,0,112
8,113,799.1482919254659,829.6001552795032,0,113
8,114,1129.7009132420092,836.5216894977169,0,114
8,115,676.7081712062256,836.8667315175097,0,115
8,116,98.36208368915457,840.802732707088,0,116
8,117,587.578869047619,842.2001488095239,0,117
8,118,1099.7387158296249,851.7883026064844,0,118
8,119,1051.3052050473186,859.7547318611987,0,119
8,120,232.85071830106185,868.102435977514,0,120
8,121,756.7194206008584,870.1368025751073,0,121
8,122,963.7571511967309,878.5364856976065,0,122
8,123,82.34032983508246,882.0449775112444,0,123
9,1,1164.4725205306381,25.09412507896399,0,1
9,2,798.0794701986755,29.61280353200883,0,2
9,3,405.8193851409052,33.121263877028184,0,3
9,4,706.0102264426589,35.3235938641344,0,4
9,5,546.0866477272727,58.69318181818182,0,5
9,6,1172.5341264871633,65.80087664370696,0,6
9,7,687.8862673926195,108.02359346642469,0,7
9,8,1036.0736462093862,113.13501805054152,0,8
9,9,218.88294930875577,125.48663594470047,0,9
9,10,67.95240101095197,126.26579612468407,0,10
9,11,661.9758112094395,133.97404129793512,0,11
9,12,262.6868131868132,134.82567432567433,0,12
9,13,1133.8284488920658,138.90779127948534,0,13
9,14,1171.3759525825571,143.0990685859441,0,14
9,15,899.2365529207634,146.05263157894737,0,15
9,16,838.320987654321,150.96296296296296,0,16
9,17,1000.1528803545052,171.3552437223043,0,17
9,18,885.4584269662921,180.86591760299626,0,18
9,19,620.6704645048203,180.7800175284838,0,19
9,20,1044.286855482934,190.62164124909222,0,20
9,21,565.8242698892245,197.47834843907353,0,21
9,22,1124.8014888337468,204.53101736972704,0,22
9,23,620.9303278688525,213.3507025761124,0,23
9,24,717.4925864909391,211.6853377265239,0,24
9,25,153.64109067850347,236.60811667723524,0,25
9,26,276.79,243.27642857142857,0,26
9,27,575.2376373626373,252.75686813186815,0,27
9,28,855.7459677419355,251.8254608294931,0,28
9,29,1011.7416666666667,267.13194444444446,0,29
9,30,1075.3860711582136,269.4261922785768,0,30
9,31,395.0184842883549,268.8016019716574,0,31
9,32,74.70087224217548,277.63930220625963,0,32
9,33,1187.7927424982554,278.1304954640614,0,33
9,34,604.4374625972472,279.11250748055056,0,34
9,35,985.2216905901116,289.5749601275917,0,35
9,36,1025.737619461338,293.7115551694179,0,36
9,37,908.1842263696568,303.57134256472006,0,37
9,38,89.65777777777778,317.32722222222225,0,38
9,39,428.1675,319.2845,0,39
9,40,548.5666470933646,324.4210217263652,0,40
9,41,1002.6067864271457,328.41516966067866,0,41
9,42,684.6609651802077,338.64447159438,0,42
9,43,139.7936305732484,344.715923566879,0,43
9,44,857.6762246117084,369.4623655913978,0,44
9,45,212.5492327365729,377.2084398976982,0,45
9,46,1122.8618266978922,378.43793911007026,0,46
9,47,605.3049971280873,421.5157955198162,0,47
9,48,1154.4097350585337,459.5520640788663,0,48
9,49,324.3824537354352,494.6668951336532,0,49
9,50,699.5998817966903,503.2482269503546,0,50
9,51,1035.1326086956522,498.454347826087,0,51
9,52,862.3428571428572,509.88057142857144,0,52
9,53,572.6532156368222,519.9714165615804,0,53
9,54,217.35221238938053,519.6513274336284,0,54
9,55,130.9984076433121,535.2133757961783,0,55
9,56,883.8987783595113,562.3455497382199,0,56
9,57,1157.4165103189493,561.9606003752345,0,57
9,58,1025.0836261419536,566.4427266338721,0,58
9,59,282.41284403669727,571.35124508519,0,59
9,60,447.6550898203593,572.1910179640719,0,60
9,61,723.7018163471241,577.4762865792129,0,61
9,62,509.4458375125376,622.5892678034103,0,62
9,63,816.321206743567,626.2324755989353,0,63
9,64,969.789283128168,625.7385952208544,0,64
9,65,1144.5278838808251,636.2742551566081,0,65
9,66,54.1426907396622,650.282469423413,0,66
9,67,909.0505910165484,664.907328605201,0,67
9,68,365.9209354120267,666.8641425389756,0,68
9,69,312.376802507837,700.2344827586207,0,69
9,70,477.046925566343,713.1537216828478,0,70
9,71,217.9814385150812,716.0046403712297,0,71
9,72,89.71980337078652,720.6116573033707,0,72
9,73,1188.2197028928852,726.4769351055512,0,73
9,74,1046.189111747851,741.0085959885387,0,74
9,75,152.70723835869063,759.5085292761642,0,75
9,76,510.4829979181124,798.1734906315058,0,76
9,77,358.20852459016396,808.6216393442623,0,77
9,78,885.7418944691672,824.7145581691036,0,78
9,79,454.26771653543307,824.1935695538058,0,79
9,80,1005.7816775728733,829.9494348602022,0,80
9,81,116.28518746158574,840.3841425937308,0,81
9,82,631.0998487140696,845.4024205748865,0,82
9,83,1059.7732831608655,848.3819379115711,0,83
9,84,1177.0287664553875,855.8069234519746,0,84
9,85,330.9722598105548,859.0020297699594,0,85
9,86,665.9193054136874,860.9182839632277,0,86
9,87,943.6674157303371,875.2681647940075,0,87
10,1,684.3587161736941,28.57205789804909,0,1
10,2,74.24397370343317,33.506939371804236,0,2
10,3,477.98628158844764,36.64909747292419,0,3
10,4,896.0283018867924,36.53962264150943,0,4
10,5,261.45531587057013,50.83281972265023,0,5
10,6,601.04453125,55.7984375,0,6
10,7,673.4712230215828,64.89928057553956,0,7
10,8,757.8974507531866,80.46176129779838,0,8
10,9,483.04938271604937,85.94814814814815,0,9
10,10,1009.6014492753624,85.55507246376811,0,10
10,11,913.5298245614035,94.8906432748538,0,11
10,12,509.4982876712329,104.7166095890411,0,12
10,13,415.35150030618496,106.54990814451929,0,13
10,14,100.67661691542288,120.24307036247335,0,14
10,15,815.708242159008,159.8694383661561,0,15
10,16,649.7439024390244,164.5876524390244,0,16
10,17,398.385226370135,164.36616362192217,0,17
10,18,309.453717754173,162.27465857359635,0,18
10,19,176.26497128794094,176.57834290401968,0,19
10,20,1078.1895664952242,182.19103600293903,0,20
10,21,740.6949152542373,187.21468926553672,0,21
10,22,50.97694334650856,203.05467720685112,0,22
10,23,275.4072512647555,206.50843170320405,0,23
10,24,946.90171990172,203.55651105651106,0,24
10,25,1117.3968363136175,219.31224209078405,0,25
10,26,696.0054137664347,226.18716163959783,0,26
10,27,977.9157769869514,226.9258600237248,0,27
10,28,155.753280839895,237.53980752405948,0,28
10,29,739.7833333333333,238.49242424242425,0,29
10,30,888.7212967131923,252.53714542998648,0,30
10,31,1029.0968878449794,247.7586611861421,0,31
10,32,1059.370994940978,260.0657672849916,0,32
10,33,1106.8334661354581,265.66533864541833,0,33
10,34,482.2972593113141,279.58116654954324,0,34
10,35,670.0240802675585,282.0702341137124,0,35
10,36,1172.164744645799,282.7092257001647,0,36
10,37,335.09730848861284,287.71635610766043,0,37
10,38,229.4750803858521,301.50643086816723,0,38
10,39,891.746502518187,319.9753777280358,0,39
10,40,1105.6516393442623,323.0751366120219,0,40
10,41,1141.4821280133,333.9667497921862,0,41
10,42,433.8956743002544,338.35538592027143,0,42
10,43,573.4377049180328,342.87540983606556,0,43
10,44,55.42606232294617,347.71331444759204,0,44
10,45,745.9504643962848,344.994427244582,0,45
10,46,535.7075718015666,366.4396866840731,0,46
10,47,160.5986290936786,372.6816450875857,0,47
10,48,1044.3387650085763,375.2341337907376,0,48
10,49,894.1834021091242,385.9344337459881,0,49
10,50,1164.6619083395942,391.7287753568745,0,50
10,51,824.5250965250965,397.81917631917634,0,51
10,52,1201.8066496163683,410.21790281329925,0,52
10,53,787.2948438634713,406.76325344952795,0,53
10,54,1047.470698546648,414.35021097046416,0,54
10,55,1140.1018582243635,431.949759119064,0,55
10,56,758.0349581486952,441.7449532250123,0,56
10,57,1061.913669064748,452.7082334132694,0,57
10,58,1113.3668831168832,456.75892857142856,0,58
10,59,481.0017513134851,461.8721541155867,0,59
10,60,449.8018679119413,469.4202801867912,0,60
10,61,861.4445318646735,472.9008654602675,0,61
10,62,990.4592809977989,475.6698459280998,0,62
10,63,532.7526612398246,479.6293049467752,0,63
10,64,233.45169946332737,480.89266547406083,0,64
10,65,1193.8333333333333,507.268115942029,0,65
10,66,275.3518379594899,509.12303075768943,0,66
10,67,423.34649910233395,509.5314183123878,0,67
10,68,133.7014253563391,513.07951987997,0,68
10,69,495.6901172529313,513.929648241206,0,69
10,70,652.0078459343795,517.7382310984308,0,70
10,71,1051.10553633218,519.7162629757786,0,71
10,72,786.9664324746292,521.416081186573,0,72
10,73,442.41030723488603,534.6947472745293,0,73
10,74,770.8644688644689,558.0446886446887,0,74
10,75,89.61736571008095,569.467255334805,0,75
10,76,1153.4716006884682,581.8468158347677,0,76
10,77,1196.8535805626598,592.4335038363172,0,77
10,78,1100.5466165413534,606.9364661654135,0,78
10,79,708.9987623762377,610.5816831683169,0,79
10,80,29.346656976744185,623.9149709302326,0,80
10,81,406.00792079207923,627.8495049504951,0,81
10,82,827.905472636816,650.1459369817579,0,82
10,83,95.86953597848016,655.7942165433759,0,83
10,84,539.3403263403263,658.7272727272727,0,84
10,85,585.0677966101695,656.7569007263922,0,85
10,86,1005.177347242921,661.2317436661699,0,86
10,87,945.9554427523971,663.7901861252116,0,87
10,88,1159.14275147929,672.5140532544378,0,88
10,89,351.7160178685386,683.4824505424377,0,89
10,90,1021.9168126094571,699.6042031523642,0,90
10,91,818.1494736842105,708.7649122807018,0,91
10,92,694.3097502972652,721.2378121284186,0,92
10,93,1038.0515390121689,752.0286327845383,0,93
10,94,92.29357798165138,754.2717889908257,0,94
10,95,128.96463022508038,771.6280814576635,0,95
10,96,423.04697072838667,772.1974132062628,0,96
10,97,473.71054599850413,786.7965594614809,0,97
10,98,163.99070764832024,794.5268048606147,0,98
10,99,1009.1785168195719,796.6272935779816,0,99
10,100,1198.3618513323984,798.6367461430575,0,100
10,101,351.20359712230214,801.3956834532374,0,101
10,102,917.9763271162124,805.877331420373,0,102
10,103,613.8371943371943,821.992277992278,0,103
10,104,1121.574427480916,831.4115776081425,0,104
10,105,74.23466924191212,838.5494929985514,0,105
10,106,978.7584345479082,874.8535762483131,0,106
10,107,1110.0170146945088,872.7911832946636,0,107
11,1,622.0509641873278,26.818870523415978,0,1
11,2,1034.0359712230215,27.241726618705037,0,2
11,3,1138.9463917525773,45.59896907216495,0,3
11,4,253.99065420560748,74.78720345075486,0,4
11,5,366.79947229551453,63.73262972735268,0,5
11,6,319.5990813648294,88.12926509186352,0,6
11,7,713.6268774703557,89.3486166007905,0,7
11,8,352.93499308437066,92.7551867219917,0,8
11,9,470.7186234817814,88.3353576248313,0,9
11,10,133.76950105411103,105.30990864371047,0,10
11,11,536.3951701427003,114.71459934138309,0,11
11,12,115.50506512301013,133.26193921852388,0,12
11,13,377.4124040920716,134.00063938618925,0,13
11,14,770.6508179959101,153.67535787321063,0,14
11,15,187.84013605442178,159.82944606413994,0,15
11,16,1119.691605839416,182.93795620437956,0,16
11,17,677.6998403406067,184.0111761575306,0,17
11,18,1149.591478696742,189.47744360902254,0,18
11,19,852.6206896551724,208.97341954022988,0,19
11,20,960.9358460304732,211.68323977546112,0,20
11,21,76.60967472894079,215.34111759799833,0,21
11,22,537.8325550366911,224.13408939292862,0,22
11,23,1066.7109221713538,239.190320470896,0,23
11,24,367.1447721179625,239.06300268096516,0,24
11,25,132.81724392041266,245.58364038319823,0,25
11,26,428.6361520558573,247.26920093095424,0,26
11,27,974.9009900990098,279.47854785478546,0,27
11,28,66.64689063616869,293.57183702644744,0,28
11,29,645.4733124018838,302.18210361067503,0,29
11,30,892.9582152974505,305.65651558073654,0,30
11,31,571.6572649572649,308.5034188034188,0,31
11,32,426.56756756756755,313.85094185094187,0,32
11,33,970.0287723785166,323.1521739130435,0,33
11,34,1122.9418121363258,328.46134663341644,0,34
11,35,289.5658914728682,330.8934108527132,0,35
11,36,1161.9713261648747,336.32706093189967,0,36
11,37,722.3308016877637,347.49620253164557,0,37
11,38,430.17015706806285,354.7713787085515,0,38
11,39,999.7273684210527,355.9157894736842,0,39
11,40,239.3434650455927,375.11347517730496,0,40
11,41,206.80396825396826,395.6515873015873,0,41
11,42,800.7754056362083,395.6558497011102,0,42
11,43,462.22471042471045,399.0918918918919,0,43
11,44,293.4903748733536,404.20668693009117,0,44
11,45,125.99866399465598,403.0941883767535,0,45
11,46,962.7220822837951,403.32913518052055,0,46
11,47,353.3263927968486,410.2999437253799,0,47
11,48,653.5238828967642,409.03852080123266,0,48
11,49,1016.7790432801822,403.45899772209566,0,49
11,50,93.10554803788904,421.9133964817321,0,50
11,51,442.45894090560245,428.2471220260936,0,51
11,52,540.980701754386,442.31052631578945,0,52
11,53,344.28979591836736,448.88775510204084,0,53
11,54,70.73498964803312,458.1656314699793,0,54
11,55,692.7922895357985,460.294256490952,0,55
11,56,375.82647385984427,480.98665183537264,0,56
11,57,1195.4357487922705,485.2888888888889,0,57
11,58,564.8771251931994,487.7658423493045,0,58
11,59,916.7258176757133,487.9185803757829,0,59
11,60,66.01111934766493,496.1393624907339,0,60
11,61,598.6532663316583,501.9924623115578,0,61
11,62,793.931654676259,500.8892086330935,0,62
11,63,128.8379578246393,505.9933407325194,0,63
11,64,1082.3695131683958,503.72306464485234,0,64
11,65,318.7356205852674,511.5237134207871,0,65
11,66,407.8767592240396,509.3157093952073,0,66
11,67,109.804662004662,531.1048951048951,0,67
11,68,278.8383915022762,532.4066767830045,0,68
11,69,654.0998573466477,534.923918212078,0,69
11,70,343.3929236499069,537.1806331471136,0,70
11,71,185.10194986072423,536.3097493036212,0,71
11,72,1145.2758620689656,545.6566397652238,0,72
11,73,378.22619673855866,551.0057864281957,0,73
11,74,817.0772128060264,547.713747645951,0,74
11,75,961.7562154696133,546.8225138121547,0,75
11,76,310.09815950920245,570.2336400817995,0,76
11,77,481.7236273904997,567.9204194941394,0,77
11,78,785.5968051118211,577.838338658147,0,78
11,79,1172.6666666666667,592.0951257861635,0,79
11,80,415.5418719211823,601.9665024630542,0,80
11,81,195.96501809408926,604.0989143546442,0,81
11,82,135.3778801843318,615.3701996927804,0,82
11,83,1110.7113725490196,606.8352941176471,0,83
11,84,534.8711967545639,615.1926977687626,0,84
11,85,471.14028776978415,623.1073997944502,0,85
11,86,607.337866857552,626.5003579098068,0,86
11,87,738.0917366946778,628.0714285714286,0,87
11,88,393.0168604651163,635.6087209302326,0,88
11,89,509.8032786885246,652.6974043715848,0,89
11,90,962.7360570687418,652.204280155642,0,90
11,91,652.0761904761905,661.9674603174603,0,91
11,92,269.9586973788721,665.2883240667196,0,92
11,93,817.5857431069267,678.3288500336248,0,93
11,94,442.36137339055796,674.1678111587983,0,94
11,95,383.68989547038325,689.9533101045296,0,95
11,96,224.79255319148936,694.7120060790273,0,96
11,97,983.068493150685,700.5913242009133,0,97
11,98,706.5593509820666,705.6387702818104,0,98
11,99,403.6682879377432,717.0758754863813,0,99
11,100,1151.8327956989247,730.3935483870968,0,100
11,101,498.4771341463415,736.59375,0,101
11,102,1046.8720379146919,741.1963439404198,0,102
11,103,535.1696551724137,738.4972413793104,0,103
11,104,654.0154411764706,742.8176470588236,0,104
11,105,84.16164817749603,747.0229793977813,0,105
11,106,163.4803996925442,751.3066871637202,0,106
11,107,297.54161566707467,762.3102815177479,0,107
11,108,457.90774487471526,777.9510250569476,0,108
11,109,999.319381841597,780.8609143593046,0,109
11,110,803.8469387755102,784.3401360544218,0,110
11,111,508.166921898928,789.7679938744258,0,111
11,112,613.8440428380187,794.6271753681392,0,112
11,113,695.4800724637681,802.0440821256038,0,113
11,114,766.2239467849224,818.7161862527716,0,114
11,115,860.8092158447857,816.7033144704932,0,115
11,116,267.46749226006193,821.5541795665634,0,116
11,117,997.4020319303338,837.078374455733,0,117
11,118,676.3149300155521,842.6026438569207,0,118
11,119,286.6156310057655,862.9288917360666,0,119
11,120,791.3475661827498,858.800170794193,0,120
11,121,570.6318909306461,873.7634854771784,0,121
11,122,848.3573103987491,874.0953870211102,0,122
11,123,137.22368421052633,877.7697368421053,0,123
12,1,201.51468788249693,32.63525091799266,0,1
12,2,546.3335630599587,33.5802894555479,0,2
12,3,260.06231454005933,44.08456973293769,0,3
12,4,343.7449528936743,45.27792732166891,0,4
12,5,946.1658767772511,46.6926201760325,0,5
12,6,20.376470588235293,67.50835913312693,0,6
12,7,625.7131782945736,66.90129198966409,0,7
12,8,300.1395131086142,72.97097378277154,0,8
12,9,524.1968664850136,78.08991825613079,0,9
12,10,831.1859356376639,80.31346841477949,0,10
12,11,1124.7056798623064,82.96299483648882,0,11
12,12,58.8489442338928,86.21819166215485,0,12
12,13,384.3692077727952,88.05829596412556,0,13
12,14,1195.1456834532373,96.14388489208633,0,14
12,15,309.2969472710453,100.72247918593895,0,15
12,16,1095.715873015873,116.58650793650794,0,16
12,17,1142.31012145749,116.83157894736843,0,17
12,18,397.7286063569682,122.97493887530563,0,18
12,19,344.71307742355236,146.76317501626545,0,19
12,20,860.978229317852,142.7343976777939,0,20
12,21,231.21467556094603,156.35900545785324,0,21
12,22,1164.2649402390439,160.65637450199202,0,22
12,23,32.520444220090866,172.93336698637052,0,23
12,24,705.5888773388773,191.3539501039501,0,24
12,25,532.7105263157895,195.01355661881976,0,25
12,26,574.5383542538355,209.18270571827057,0,26
12,27,1055.9358218729535,218.73608382449248,0,27
12,28,104.00115406809002,216.41661858049625,0,28
12,29,142.88968481375358,220.7865329512894,0,29
12,30,262.8882421420256,221.53084982537834,0,30
12,31,1109.7387843704776,279.4840810419682,0,31
12,32,245.4093220338983,281.3872881355932,0,32
12,33,412.0267326732673,286.04356435643564,0,33
12,34,794.3695518723143,305.1313689379988,0,34
12,35,1182.6935483870968,308.8763440860215,0,35
12,36,100.1078697421981,312.95997286295795,0,36
12,37,1145.8429933969185,314.37050623624356,0,37
12,38,955.4031936127744,313.2303393213573,0,38
12,39,1136.739406779661,353.1327683615819,0,39
12,40,272.16733067729086,365.36653386454185,0,40
12,41,1043.9591280653951,378.95422343324253,0,41
12,42,1119.716606498195,382.6462093862816,0,42
12,43,597.6481042654028,398.54502369668245,0,43
12,44,407.9671440606571,402.0564448188711,0,44
12,45,349.2668604651163,410.8953488372093,0,45
12,46,834.442,413.4,0,46
12,47,106.63578680203045,425.1998730964467,0,47
12,48,882.5663900414938,424.68879668049794,0,48
12,49,782.088336783989,423.24016563147,0,49
12,50,615.183698296837,439.654501216545,0,50
12,51,287.93573515092504,443.94741966893866,0,51
12,52,171.05416329830234,480.4567502021019,0,52
12,53,1049.452027027027,475.97364864864863,0,53
12,54,1100.2218543046358,487.66092715231787,0,54
12,55,974.3404592240697,497.84164687252576,0,55
12,56,724.1661764705882,508.71029411764704,0,56
12,57,346.2628787878788,519.2583333333333,0,57
12,58,545.4971791255289,522.1311706629054,0,58
12,59,1098.3294498381877,535.084789644013,0,59
12,60,421.01803833145436,538.629650507328,0,60
12,61,192.19510439164867,557.1886249100072,0,61
12,62,636.91513437058,576.019801980198,0,62
12,63,471.74354561101546,585.8634538152611,0,63
12,64,730.8212083847102,586.3822441430333,0,64
12,65,221.7213675213675,596.8264957264958,0,65
12,66,682.6966551326412,614.4452133794695,0,66
12,67,295.58629283489097,616.0803738317757,0,67
12,68,45.65530068195908,623.163050216987,0,68
12,69,821.3247612049963,633.0925789860397,0,69
12,70,634.0759219088937,634.768618944324,0,70
12,71,200.8409090909091,639.2234848484849,0,71
12,72,1066.453910614525,637.1990223463687,0,72
12,73,92.40685920577617,657.5072202166065,0,73
12,74,1100.9879427279577,643.7324792765637,0,74
12,75,448.40829694323145,658.8129548762737,0,75
12,76,630.7036585365854,672.9036585365853,0,76
12,77,1001.1178188899707,680.664070107108,0,77
12,78,881.9152189020153,690.7039610840861,0,78
12,79,136.50409062303336,693.6230333543109,0,79
12,80,710.0909791827294,693.437933693138,0,80
12,81,1064.9380281690142,695.7985915492958,0,81
12,82,603.2501761804087,696.9485553206483,0,82
12,83,936.0964391691394,694.986646884273,0,83
12,84,761.2764405543398,722.0539752005835,0,84
12,85,951.8932384341637,721.1725978647687,0,85
12,86,572.8418573351279,726.1224764468371,0,86
12,87,1133.2152046783626,729.1356725146198,0,87
12,88,978.630392788152,736.3831294269156,0,88
12,89,216.0713476783692,749.6647791619479,0,89
12,90,301.20938215102973,772.4387871853547,0,90
12,91,730.6133236784939,788.8645908761766,0,91
12,92,481.14719471947194,789.0422442244225,0,92
12,93,58.52674897119341,796.099451303155,0,93
12,94,156.32544378698225,797.75470683163,0,94
12,95,525.8625592417062,800.9320695102685,0,95
12,96,366.27636849132176,803.762349799733,0,96
12,97,971.8458856345885,817.5470711297071,0,97
12,98,1018.335920655455,827.167313497197,0,98
12,99,712.4592979835699,830.244212098581,0,99
12,100,1055.0863636363636,830.4212121212121,0,100
12,101,520.8597122302158,835.6028776978417,0,101
12,102,291.35277177825776,837.7494600431966,0,102
12,103,176.48114630467572,836.4411764705883,0,103
12,104,121.91056283731689,848.9753276792599,0,104
12,105,172.22380106571936,867.246891651865,0,105
12,106,332.201881950385,874.688622754491,0,106
12,107,1094.5154028436018,875.002962085308,0,107
12,108,401.9392523364486,876.6433021806854,0,108
12,109,670.7015604681404,875.8576072821846,0,109
13,1,543.3339416058394,25.625912408759124,0,1
13,2,699.8582887700535,30.50601604278075,0,2
13,3,1072.093674939952,37.64211369095276,0,3
13,4,53.306837606837604,77.81025641025641,0,4
13,5,986.530593607306,91.72283105022831,0,5
13,6,43.55433070866142,122.17165354330709,0,6
13,7,855.1859531772575,122.90969899665552,0,7
13,8,476.1858254105445,126.21780466724287,0,8
13,9,750.3936249073388,127.32171979243884,0,9
13,10,330.6825487944891,131.1308840413318,0,10
13,11,560.0128900949796,146.2890094979647,0,11
13,12,173.04965089216446,155.26609775019395,0,12
13,13,1032.7508579272478,159.6231983527797,0,13
13,14,1096.8387323943662,179.31408450704225,0,14
13,15,667.6904231625836,188.07906458797328,0,15
13,16,1018.8054089709763,190.71635883905014,0,16
13,17,884.3997493734336,193.1027568922306,0,17
13,18,776.3727758007118,203.65035587188612,0,18
13,19,623.9764364105874,210.95868302130407,0,19
13,20,369.3182145428366,227.20158387329013,0,20
13,21,22.256799493991146,228.84250474383302,0,21
13,22,1148.021536252692,235.87006460875807,0,22
13,23,214.05112781954887,262.7548872180451,0,23
13,24,1119.4628099173553,266.4663518299882,0,24
13,25,544.0236156351791,267.39332247557,0,25
13,26,931.9267982176957,273.64863144493955,0,26
13,27,189.27364016736402,281.94142259414224,0,27
13,28,285.1015873015873,288.90539682539685,0,28
13,29,1075.5918803418804,288.7962962962963,0,29
13,30,717.3320463320464,316.21776061776063,0,30
13,31,908.1903765690377,323.03695955369597,0,31
13,32,1062.2710843373493,333.96549835706463,0,32
13,33,140.01565690946222,342.070796460177,0,33
13,34,989.1090289608177,348.16695059625215,0,34
13,35,365.02487095260443,390.6349131862975,0,35
13,36,904.1865112406329,388.6461282264779,0,36
13,37,799.772759350741,395.863796753705,0,37
13,38,107.04786324786325,405.191452991453,0,38
13,39,626.9851485148515,413.7942008486563,0,39
13,40,469.6592775041051,420.6592775041051,0,40
13,41,861.9724696356275,421.4502024291498,0,41
13,42,988.1717990275527,416.162074554295,0,42
13,43,947.5655114116653,427.0456466610313,0,43
13,44,1139.405052974735,437.31866340668296,0,44
13,45,1029.0101156069363,441.61488439306356,0,45
13,46,754.7628156082632,464.10711553175213,0,46
13,47,595.6241283124128,463.8410041841004,0,47
13,48,942.6898395721926,464.204991087344,0,48
13,49,789.2,473.22133333333335,0,49
13,50,1133.4655581947743,473.3396674584323,0,50
13,51,1016.9815745393635,480.3542713567839,0,51
13,52,462.64254952627044,492.00602928509903,0,52
13,53,915.7655677655678,481.09157509157507,0,53
13,54,530.9218877135883,490.69975589910496,0,54
13,55,1048.874458874459,494.3073593073593,0,55
13,56,45.725024727992086,504.88031651829874,0,56
13,57,1141.7106227106226,504.53205128205127,0,57
13,58,851.0814159292036,507.99557522123894,0,58
13,59,1169.7119565217392,515.6467391304348,0,59
13,60,571.0428921568628,518.7322303921569,0,60
13,61,674.9591240875912,526.8693430656934,0,61
13,62,840.773311897106,540.3569131832797,0,62
13,63,879.3036809815951,546.7684049079754,0,63
13,64,686.875085324232,558.7590443686007,0,64
13,65,1119.934201012292,562.5784526391901,0,65
13,66,990.788506645817,572.7986708365911,0,66
13,67,1154.2074209245743,584.5985401459855,0,67
13,68,335.7631352282515,592.3135228251507,0,68
13,69,672.1441979522184,602.0170648464164,0,69
13,70,878.8781388478582,609.3803545051699,0,70
13,71,954.2015706806283,619.3874345549738,0,71
13,72,1117.5740097289784,622.5781792911745,0,72
13,73,456.71054852320674,625.0962025316455,0,73
13,74,545.5157232704403,639.9088050314465,0,74
13,75,346.62133891213387,650.4440376569038,0,75
13,76,811.9040942232193,662.8592260235558,0,76
13,77,471.9928057553957,679.4055755395683,0,77
13,78,715.2992617830778,690.702441794435,0,78
13,79,1110.9685577580315,703.6021872863978,0,79
13,80,444.128868594622,714.3054287163876,0,80
13,81,586.166890080429,726.5851206434317,0,81
13,82,1081.1671348314608,730.0316011235955,0,82
13,83,266.32462057335584,727.4553119730185,0,83
13,84,635.9282729805014,731.2193593314763,0,84
13,85,1051.1408,751.9736,0,85
13,86,894.7757685352622,766.8257986739,0,86
13,87,342.9695550351288,762.2257611241217,0,87
13,88,1001.6079734219269,767.4900332225914,0,88
13,89,1066.4852024922118,792.506230529595,0,89
13,90,653.2423802612482,800.7801161103048,0,90
13,91,272.18702611625946,807.8348778433025,0,91
13,92,305.8783592644979,808.4384724186705,0,92
13,93,974.2363896848137,808.6790830945558,0,93
13,94,412.39241429613423,820.7272064186725,0,94
13,95,563.6266666666667,824.2125490196079,0,95
13,96,1095.503120124805,827.8845553822152,0,96
13,97,642.56038647343,848.9054520358868,0,97
13,98,508.69702780441037,852.3576222435283,0,98
13,99,808.987012987013,860.5231910946196,0,99
13,100,924.4196755625327,861.8116169544741,0,100
13,101,544.8441461595824,869.0059656972409,0,101
13,102,1180.571304347826,869.408695652174,0,102
13,103,240.50452488687782,872.6704374057315,0,103
13,104,356.07646176911544,872.3523238380809,0,104
13,105,485.2030346820809,870.7326589595376,0,105
13,106,785.635,878.9,0,106
13,107,458.1893287435456,881.3476764199655,0,107
14,1,924.5209953343701,25.236391912908243,0,1
14,2,100.08045977011494,40.1237322515213,0,2
14,3,518.2762384550798,36.178841309823675,0,3
14,4,236.80320150659134,50.213276836158194,0,4
14,5,837.3552631578947,70.78715170278637,0,5
14,6,649.3367834394904,74.70222929936305,0,6
14,7,138.1860465116279,75.20105026256564,0,7
14,8,421.45344555497104,90.46449237243556,0,8
14,9,724.5302325581396,91.4539534883721,0,9
14,10,164.1126050420168,98.2890756302521,0,10
14,11,759.8699059561128,98.20924764890282,0,11
14,12,89.33246753246753,100.16969696969697,0,12
14,13,639.6920256645279,117.6672777268561,0,13
14,14,332.71296723580986,134.7346562067374,0,14
14,15,683.1836183618362,136.45364536453644,0,15
14,16,918.6413043478261,143.14548494983276,0,16
14,17,102.76013309134906,158.83272837265577,0,17
14,18,1043.4816835541699,165.5759937646142,0,18
14,19,412.60411522633746,175.90781893004115,0,19
14,20,1129.9198664440735,182.23539232053423,0,20
14,21,831.4761904761905,184.98765432098764,0,21
14,22,642.820418204182,190.389913899139,0,22
14,23,55.196547665751275,192.58964299725383,0,23
14,24,484.9053524804178,203.12793733681463,0,24
14,25,916.5729492798998,227.53099561678147,0,25
14,26,44.123040752351095,235.3573667711599,0,26
14,27,1130.5529880478089,232.9011952191235,0,27
14,28,1027.45,238.75,0,28
14,29,667.8861171366594,236.52169197396964,0,29
14,30,345.1642105263158,242.81347368421052,0,30
14,31,301.51742274819196,249.155161078238,0,31
14,32,646.1838592233009,260.4751213592233,0,32
14,33,206.13152804642166,265.74725983236624,0,33
14,34,991.9014693171996,272.99827139152984,0,34
14,35,785.4009728978457,295.5983321751216,0,35
14,36,1116.2335329341317,315.9805389221557,0,36
14,37,1151.1022364217251,320.5247603833866,0,37
14,38,562.2662929222145,321.54379817799577,0,38
14,39,287.65444287729196,336.90267983074756,0,39
14,40,461.4543063773833,349.14003944773174,0,40
14,41,804.8242766407905,365.50529287226533,0,41
14,42,1137.165061898212,366.46354883081153,0,42
14,43,905.9520714865963,373.04305442729486,0,43
14,44,113.76903114186851,385.2534602076125,0,44
14,45,344.517029972752,401.5974114441417,0,45
14,46,980.8256676557863,398.459940652819,0,46
14,47,621.4124087591241,407.0827250608273,0,47
14,48,1167.5170984455958,404.29395509499136,0,48
14,49,880.6818936877077,411.36378737541526,0,49
14,50,244.94733924611972,419.269955654102,0,50
14,51,1062.3136186770428,423.12529182879376,0,51
14,52,434.39338950097215,432.00583279325986,0,52
14,53,787.2389937106918,431.0018867924528,0,53
14,54,969.1326687116565,436.30828220858893,0,54
14,55,484.5706940874036,456.9631533847472,0,55
14,56,1192.776929601357,465.27565733672606,0,56
14,57,929.4594320486815,471.5319472616633,0,57
14,58,842.3203526818515,472.70389419544455,0,58
14,59,243.18326417704012,475.5262793914246,0,59
14,60,1026.5723404255318,481.84893617021277,0,60
14,61,675.7836304700162,497.5,0,61
14,62,107.98080614203455,501.3071017274472,0,62
14,63,41.23874755381605,509.91324200913243,0,63
14,64,928.1366024518388,517.9964973730298,0,64
14,65,1111.51583011583,518.957528957529,0,65
14,66,328.5926966292135,536.5856741573034,0,66
14,67,313.2705727452271,566.0974325213956,0,67
14,68,144.07210300429185,575.7407725321889,0,68
14,69,1013.0275403608737,580.6229819563152,0,69
14,70,1193.7516387472688,582.4144209759651,0,70
14,71,1144.5955993930197,586.6965098634295,0,71
14,72,539.1594090202177,591.5800933125972,0,72
14,73,812.2462739531583,586.2689850958126,0,73
14,74,777.0134328358209,599.2641791044776,0,74
14,75,73.62718932443703,611.1142618849041,0,75
14,76,692.1,615.0676258992805,0,76
14,77,825.5922410235246,622.330169211721,0,77
14,78,385.03001464128846,622.8455344070278,0,78
14,79,749.2366666666667,627.9606666666666,0,79
14,80,145.83219954648527,636.9486016628874,0,80
14,81,474.20836965998257,650.6826503923278,0,81
14,82,373.5089355089355,660.5120435120435,0,82
14,83,1194.0070148090413,666.7934528448948,0,83
14,84,932.5468615649183,672.9363714531385,0,84
14,85,897.2249346120313,680.4882301656495,0,85
14,86,1043.0474095796676,680.1236559139785,0,86
14,87,88.50073746312684,690.3473451327434,0,87
14,88,441.9922613929493,692.8650042992261,0,88
14,89,1190.5327754532775,704.3912133891214,0,89
14,90,559.859649122807,711.2329824561403,0,90
14,91,164.50685871056243,721.0219478737997,0,91
14,92,353.5465268676278,732.4692005242464,0,92
14,93,675.5271739130435,748.9068322981367,0,93
14,94,298.71318575553414,764.6169393647738,0,94
14,95,445.9,790.18625,0,95
14,96,270.8218318695107,807.6348808030112,0,96
14,97,1056.4756483238457,808.2270714737508,0,97
14,98,950.6889040163377,814.356705241661,0,98
14,99,408.27709611451945,823.5685071574642,0,99
14,100,527.7992125984252,823.5204724409449,0,100
14,101,55.89332247557003,828.972312703583,0,101
14,102,620.2489539748954,827.6792189679219,0,102
14,103,1167.6699544764795,826.6107738998483,0,103
14,104,1117.8896551724138,833.6689655172414,0,104
14,105,369.45110887096774,840.625,0,105
14,106,463.89834815756035,839.4618805590851,0,106
14,107,748.3695198329854,857.2275574112734,0,107
14,108,881.559107358263,859.9915560916767,0,108
14,109,1078.7784214337437,866.4207096307024,0,109
14,110,148.2866847826087,872.2601902173913,0,110
15,1,225.38834269662922,20.8623595505618,0,1
15,2,597.8670360110804,55.35180055401662,0,2
15,3,434.625,64.50892857142857,0,3
15,4,92.01226492232216,67.30253475061325,0,4
15,5,1178.5303225806451,68.04193548387097,0,5
15,6,398.62708883025505,69.79771328056289,0,6
15,7,720.2857142857143,72.00696864111498,0,7
15,8,636.5523035230352,91.41951219512195,0,8
15,9,874.5933554817276,100.00199335548173,0,9
15,10,538.7491065046462,112.91636883488206,0,10
15,11,1097.5752409191994,116.26315789473684,0,11
15,12,32.45627876397107,118.98487836949376,0,12
15,13,592.9881656804733,125.2189349112426,0,13
15,14,843.6823943661972,128.37112676056339,0,14
15,15,624.9574132492114,134.06782334384857,0,15
15,16,964.4710458081245,133.64909248055315,0,16
15,17,707.4428787116256,135.7503774534474,0,17
15,18,659.1168760240306,154.83506280720917,0,18
15,19,126.81071428571428,153.64785714285713,0,19
15,20,401.68959731543623,166.88087248322148,0,20
15,21,236.0404984423676,167.4522326064382,0,21
15,22,1088.4685990338164,172.256038647343,0,22
15,23,772.8833643122676,186.9674721189591,0,23
15,24,203.59879839786382,190.21428571428572,0,24
15,25,448.05544005544004,199.04088704088704,0,25
15,26,570.036023054755,203.56123919308357,0,26
15,27,669.0121868652674,217.14014895057548,0,27
15,28,962.008064516129,215.36876832844575,0,28
15,29,1135.5437048917402,216.5581395348837,0,29
15,30,719.6857386848848,222.28437233134073,0,30
15,31,615.1862396204033,228.0344009489917,0,31
15,32,240.513698630137,233.07260273972602,0,32
15,33,585.2074109720885,243.5779595765159,0,33
15,34,688.5889945652174,248.5101902173913,0,34
15,35,296.6683976261128,256.643175074184,0,35
15,36,758.8621597892889,267.2076382791923,0,36
15,37,803.8969128996692,259.4426681367144,0,37
15,38,373.36162079510706,262.8868501529052,0,38
15,39,893.2918215613383,263.9024163568773,0,39
15,40,328.7356770833333,272.25,0,40
15,41,550.9117387466902,280.95410414827893,0,41
15,42,286.2569105691057,292.81138211382114,0,42
15,43,838.2889048991354,292.70389048991353,0,43
15,44,589.735648476258,297.8249468462084,0,44
15,45,109.94306480920655,305.44215626892793,0,45
15,46,710.1712580348944,311.23829201101927,0,46
15,47,1043.9411764705883,322.3772549019608,0,47
15,48,1126.014914243102,325.3124533929903,0,48
15,49,299.9957264957265,335.14903846153845,0,49
15,50,76.64994232987313,331.376585928489,0,50
15,51,342.6569416498994,326.80784708249496,0,51
15,52,423.8169014084507,342.5798122065728,0,52
15,53,765.4802110817942,345.90026385224274,0,53
15,54,915.8681214421252,350.0967741935484,0,54
15,55,582.570004982561,356.5565520677628,0,55
15,56,375.0062695924765,361.4626959247649,0,56
15,57,935.074,369.858,0,57
15,58,463.7669396872673,370.78704393149667,0,58
15,59,530.8483412322275,386.85402843601895,0,59
15,60,190.08936338473706,398.58086200079083,0,60
15,61,141.9238670694864,408.20181268882175,0,61
15,62,840.6664285714286,408.0257142857143,0,62
15,63,764.615107913669,410.8201438848921,0,63
15,64,293.0711206896552,411.9640804597701,0,64
15,65,335.6002766251729,414.83540802213,0,65
15,66,1062.5032991202347,434.73900293255133,0,66
15,67,633.9013878743608,426.0657414170928,0,67
15,68,401.7990230286113,433.73831123517095,0,68
15,69,605.2839729119639,447.95440180586905,0,69
15,70,568.6994700984103,458.0984102952309,0,70
15,71,915.4864420706656,461.4067378800329,0,71
15,72,976.2250409165302,463.27823240589197,0,72
15,73,251.54558011049724,473.7327348066298,0,73
15,74,759.5510860820596,476.5189058728882,0,74
15,75,439.45071868583165,482.985112936345,0,75
15,76,1002.7241877256317,499.2,0,76
15,77,123.3039309683605,511.84755512943434,0,77
15,78,179.76561295296838,510.4934464148034,0,78
15,79,874.8301886792453,515.2581475128645,0,79
15,80,1149.5261845386533,522.6799667497922,0,80
15,81,523.6492537313433,530.9135572139304,0,81
15,82,390.85314155942467,547.4761544284632,0,82
15,83,1174.236869207003,553.2904222451082,0,83
15,84,916.459413944089,552.7409902324015,0,84
15,85,97.81511914543961,556.9679539852095,0,85
15,86,723.2975265017668,557.7512367491166,0,86
15,87,258.5596072931276,559.7755960729313,0,87
15,88,773.3002915451895,562.7033527696793,0,88
15,89,869.1069565217391,567.1478260869566,0,89
15,90,970.0171591992373,571.954242135367,0,90
15,91,64.60799385088393,579.4527286702537,0,91
15,92,722.5787106446777,595.9325337331335,0,92
15,93,275.8169014084507,603.4383802816901,0,93
15,94,939.4168173598554,607.7784810126582,0,94
15,95,1065.9486666666667,611.214,0,95
15,96,143.8103207810321,614.5906555090655,0,96
15,97,117.74062968515742,638.1349325337331,0,97
15,98,62.09954751131222,649.2605042016806,0,98
15,99,491.95454545454544,654.0960548885078,0,99
15,100,546.3091715976332,653.3653846153846,0,100
15,101,1066.392026578073,658.7270210409745,0,101
15,102,708.4762295081968,670.083606557377,0,102
15,103,574.6972612879349,671.9681717246484,0,103
15,104,839.9178370786517,692.3679775280899,0,104
15,105,327.6899871630295,700.6495507060333,0,105
15,106,1187.121951219512,704.7400696864112,0,106
15,107,196.94645340751043,717.3838664812239,0,107
15,108,1102.4579191517562,726.9337309476474,0,108
15,109,1060.3637130801687,741.789029535865,0,109
15,110,981.0204978038067,744.6259150805271,0,110
15,111,851.7960235640649,750.4469808541974,0,111
15,112,282.002245508982,754.3555389221557,0,112
15,113,618.9175824175824,765.0981161695447,0,113
15,114,43.655953250547846,765.6895544192841,0,114
15,115,752.1051356589147,777.0876937984497,0,115
15,116,966.0811475409836,785.4868852459016,0,116
15,117,1119.4949806949808,797.4671814671815,0,117
15,118,532.6418732782369,796.639577594123,0,118
15,119,143.81539558089807,807.736279401283,0,119
15,120,83.76260370134014,817.3241863433312,0,120
15,121,219.2095304835319,822.875262789068,0,121
15,122,414.8846715328467,832.6810218978102,0,122
15,123,1051.3894912427022,835.2919099249375,0,123
15,124,803.2841147655703,834.997900629811,0,124
15,125,1078.6098294884655,849.0,0,125
15,126,190.19961365099806,858.9272376046362,0,126
15,127,941.8041315990819,873.6579954093344,0,127
16,1,300.65128205128207,20.28034188034188,0,1
16,2,227.06965174129354,30.093816631130064,0,2
16,3,842.1565814098565,30.990018714909546,0,3
16,4,1106.0327362569487,33.39159975293391,0,4
16,5,55.377462568951934,41.824271079590225,0,5
16,6,265.0445205479452,46.47688356164384,0,6
16,7,168.67014742014743,67.30159705159706,0,7
16,8,963.6657663740716,71.53679945982444,0,8
16,9,348.82136105860116,79.96408317580341,0,9
16,10,670.6233354470513,85.59606848446417,0,10
16,11,370.16387096774196,102.5058064516129,0,11
16,12,1183.9627293577983,134.25802752293578,0,12
16,13,1028.3148880105402,143.2193675889328,0,13
16,14,331.8465381870093,158.33832976445396,0,14
16,15,635.1938902743142,156.03428927680798,0,15
16,16,1102.2680412371135,156.43685567010309,0,16
16,17,567.7114186851211,166.42698961937717,0,17
16,18,162.35613540197463,177.08815232722145,0,18
16,19,258.42714723926383,196.96779141104295,0,19
16,20,753.1478770131772,200.48938506588578,0,20
16,21,888.3274818401937,199.17978208232446,0,21
16,22,55.48267008985879,204.65083440308086,0,22
16,23,462.7675021607606,204.16421780466723,0,23
16,24,686.9387351778656,229.93939393939394,0,24
16,25,108.49584717607974,254.56893687707642,0,25
16,26,731.1012738853503,255.75668789808918,0,26
16,27,262.8849301877708,261.083774675012,0,27
16,28,617.2014331210191,261.77945859872614,0,28
16,29,787.5921052631579,262.8452012383901,0,29
16,30,466.75953259532594,268.00123001230014,0,30
16,31,858.1764264264265,277.5409159159159,0,31
16,32,55.700503959683225,280.475161987041,0,32
16,33,1074.2619760479042,280.87125748502996,0,33
16,34,946.4954907161804,292.66419098143234,0,34
16,35,763.2140137090632,307.968773800457,0,35
16,36,608.993109039319,322.76246453182,0,36
16,37,569.3450155763239,318.1051401869159,0,37
16,38,1000.3121881682109,328.431931575196,0,38
16,39,212.28092243186583,330.549965059399,0,39
16,40,406.3232104121475,327.69052783803323,0,40
16,41,256.1555423122765,336.31585220500597,0,41
16,42,883.9555972482801,338.83927454659164,0,42
16,43,641.848162475822,346.5425531914894,0,43
16,44,56.329075425790755,354.713503649635,0,44
16,45,389.6641366223909,356.91777356103734,0,45
16,46,665.3507751937984,361.3391472868217,0,46
16,47,349.43650793650795,359.7261904761905,0,47
16,48,1053.1944338543653,359.0373617994663,0,48
16,49,743.9672965116279,365.0297965116279,0,49
16,50,576.615952732644,370.1639586410635,0,50
16,51,531.4563928873836,377.8865368331922,0,51
16,52,1015.2833200319234,390.6153232242618,0,52
16,53,838.9748892171344,405.34785819793206,0,53
16,54,608.2889160554197,394.5925020374898,0,54
16,55,883.3432147562582,414.81093544137025,0,55
16,56,413.5978260869565,422.8971571906354,0,56
16,57,181.5663775850567,425.1200800533689,0,57
16,58,756.2732434350603,430.84528034066716,0,58
16,59,1027.1949685534591,439.3973699256718,0,59
16,60,695.5702479338843,438.29545454545456,0,60
16,61,1082.019266625233,439.27097576134247,0,61
16,62,613.8389458272328,442.61054172767206,0,62
16,63,574.1358695652174,486.32608695652175,0,63
16,64,208.042233357194,489.91052254831783,0,64
16,65,865.9403437815976,489.45045500505563,0,65
16,66,1112.6506024096386,502.19518072289156,0,66
16,67,614.872206303725,515.8727793696276,0,67
16,68,710.9343814080656,526.1114149008886,0,68
16,69,1083.4837905236907,527.783042394015,0,69
16,70,982.1496698459281,532.6962582538519,0,70
16,71,240.39445628997868,563.5863539445629,0,71
16,72,396.75279106858056,562.5111642743221,0,72
16,73,565.5868869936035,577.1082089552239,0,73
16,74,768.5983263598326,577.5836820083682,0,74
16,75,97.60240963855422,584.7675407512403,0,75
16,76,803.2312543798178,581.1836019621584,0,76
16,77,455.5511575802838,590.3861090365945,0,77
16,78,1171.581072555205,590.9406940063092,0,78
16,79,1028.6736990154711,593.2770745428974,0,79
16,80,624.1229508196722,608.4795081967213,0,80
16,81,699.1481481481482,609.4764957264957,0,81
16,82,794.8189244383934,626.4377127297481,0,82
16,83,870.2627599243856,624.1389413988658,0,83
16,84,1198.6926635822867,621.9847984137475,0,84
16,85,159.93986013986014,624.4244755244755,0,85
16,86,973.1243980738362,624.085874799358,0,86
16,87,1074.40159901599,644.8111931119312,0,87
16,88,751.630615640599,658.5415973377703,0,88
16,89,782.757131842714,668.272166538165,0,89
16,90,194.83003194888178,694.2306709265175,0,90
16,91,997.2298305084746,690.6433898305085,0,91
16,92,240.45363214837712,694.9690880989181,0,92
16,93,742.7556390977444,696.7406015037594,0,93
16,94,66.61493123772102,700.1041257367388,0,94
16,95,499.69694915254235,707.0806779661017,0,95
16,96,282.2901818181818,728.7847272727273,0,96
16,97,658.9515324305061,749.0933713471134,0,97
16,98,763.8881381381382,757.7424924924925,0,98
16,99,1031.1897506925209,768.9626038781164,0,99
16,100,389.59731971920866,780.747287811104,0,100
16,101,269.4202614379085,785.5424836601308,0,101
16,102,985.0706319702603,803.3159851301115,0,102
16,103,872.2333965844402,827.5028462998102,0,103
16,104,913.5459960291198,826.9503639973527,0,104
16,105,489.11855036855036,830.7530712530712,0,105
16,106,646.3854166666666,845.3026315789474,0,106
16,107,362.95577055977884,848.4409122322046,0,107
16,108,400.10092272202996,860.4907727797001,0,108
16,109,127.19252640129976,856.872461413485,0,109
16,110,39.57799607072692,862.3414538310412,0,110
17,1,203.44825222755313,29.294722412611378,0,1
17,2,980.0969827586207,31.6875,0,2
17,3,134.6263586956522,34.79008152173913,0,3
17,4,354.54010025062655,38.78947368421053,0,4
17,5,75.34964539007092,38.785106382978725,0,5
17,6,614.5787901418969,45.416728902165794,0,6
17,7,711.4602392681211,46.27023223082336,0,7
17,8,1189.921239509361,66.9677211103938,0,8
17,9,1104.3613817537644,67.82462356067316,0,9
17,10,74.73913043478261,72.92009400705052,0,10
17,11,652.9211287988422,69.19898697539797,0,11
17,12,425.63856304985336,95.67008797653959,0,12
17,13,46.36632747456059,103.7890841813136,0,13
17,14,724.7931801334322,111.2720533728688,0,14
17,15,535.9656406585541,119.39871152469577,0,15
17,16,250.34426229508196,129.38524590163934,0,16
17,17,517.6098434004474,149.4407158836689,0,17
17,18,1042.7877947295424,147.39597780859916,0,18
17,19,123.89802130898022,158.734398782344,0,19
17,20,739.3699136868064,152.845869297164,0,20
17,21,1143.1382352941177,161.9558823529412,0,21
17,22,63.04774193548387,166.8516129032258,0,22
17,23,305.1031363088058,179.39746682750302,0,23
17,24,622.6961240310078,197.34883720930233,0,24
17,25,405.85032537960956,201.1221981200289,0,25
17,26,677.4609865470852,204.4914798206278,0,26
17,27,86.77496159754224,206.94546850998464,0,27
17,28,1050.1486226777706,214.54964766175527,0,28
17,29,1189.7826086956522,213.9517864829961,0,29
17,30,408.8073449729079,246.5996387718242,0,30
17,31,1133.1479198767333,258.0246533127889,0,31
17,32,1170.7420042643923,262.6552949538024,0,32
17,33,627.1691934505761,268.3838690115221,0,33
17,34,207.0114006514658,274.6164495114007,0,34
17,35,50.87400177462289,276.57054125998224,0,35
17,36,726.8977635782747,277.16773162939296,0,36
17,37,328.37254901960785,281.0364145658263,0,37
17,38,899.8440721649484,285.2332474226804,0,38
17,39,108.23219814241486,307.3978328173375,0,39
17,40,442.94444444444446,309.8202898550725,0,40
17,41,1015.7242472266244,311.11806656101425,0,41
17,42,250.30329153605015,319.83385579937305,0,42
17,43,528.8510506798517,317.60135970333744,0,43
17,44,313.0006622516556,336.29205298013244,0,44
17,45,822.9787928221859,349.73083197389883,0,45
17,46,151.50546875,363.8953125,0,46
17,47,514.0080586080586,368.47765567765566,0,47
17,48,1122.9864222674814,367.97691785471824,0,48
17,49,108.67396403440188,387.0914777169664,0,49
17,50,309.231715210356,386.46472491909384,0,50
17,51,40.03706823925864,401.8837405223252,0,51
17,52,634.561824729892,409.2484993997599,0,52
17,53,670.4826629680998,413.38349514563106,0,53
17,54,1087.7526530612245,423.26204081632653,0,54
17,55,822.3333333333334,430.5456836798992,0,55
17,56,593.8405985686402,436.6180871828237,0,56
17,57,66.60726985381272,442.50059265112606,0,57
17,58,435.28244897959183,441.51591836734696,0,58
17,59,1020.2793594306049,442.4608540925267,0,59
17,60,256.86634460547504,454.1207729468599,0,60
17,61,1121.0581597222222,455.02777777777777,0,61
17,62,479.0205930807249,458.9349258649094,0,62
17,63,174.80583167660703,469.47978793903246,0,63
17,64,522.3085714285714,482.0473469387755,0,64
17,65,633.8589881593111,484.47685683530676,0,65
17,66,972.0738083034341,485.8923628908252,0,66
17,67,180.87960339943342,509.06515580736544,0,67
17,68,327.7424892703863,510.9519313304721,0,68
17,69,293.7562034739454,521.2816377171216,0,69
17,70,763.5357873210634,525.1901840490798,0,70
17,71,1166.6703182055294,530.3943661971831,0,71
17,72,876.5741007194245,527.6014388489209,0,72
17,73,971.917094017094,534.8700854700854,0,73
17,74,168.10180623973727,539.3029556650247,0,74
17,75,401.9538409703504,543.7580862533692,0,75
17,76,1082.4107579462102,544.5545232273838,0,76
17,77,252.14344262295083,549.4531615925058,0,77
17,78,208.17496962332928,555.8906439854192,0,78
17,79,308.4353029169783,570.5213163799551,0,79
17,80,997.0422049956934,583.7502153316107,0,80
17,81,127.01379310344828,603.5060344827587,0,81
17,82,388.95752009184844,607.0597014925373,0,82
17,83,712.3365307753797,621.5571542765788,0,83
17,84,922.1774600504626,625.0159798149706,0,84
17,85,555.7196064652144,626.7870695713282,0,85
17,86,431.61485642946315,631.8408239700375,0,86
17,87,895.0897544453852,638.9508890770534,0,87
17,88,298.0073775989269,680.6089872568746,0,88
17,89,911.1492704826038,682.9102132435465,0,89
17,90,1066.4001148105626,681.8605051664753,0,90
17,91,435.1968201754386,706.7478070175439,0,91
17,92,1091.7974276527332,714.2363344051447,0,92
17,93,978.2443693693693,717.8603603603603,0,93
17,94,146.3494753833737,718.1719128329298,0,94
17,95,942.7207334273625,730.5204513399153,0,95
17,96,829.3636363636364,733.1961722488038,0,96
17,97,1013.684265010352,757.9140786749482,0,97
17,98,914.2215036378335,757.6443007275667,0,98
17,99,1061.2280701754387,754.4701754385965,0,99
17,100,733.290909090909,756.2433566433566,0,100
17,101,1160.378223495702,760.7507163323783,0,101
17,102,408.90661764705885,767.2639705882353,0,102
17,103,220.17096999302163,777.374040474529,0,103
17,104,123.0728,794.0048,0,104
17,105,32.70063694267516,804.2356687898089,0,105
17,106,773.2603062426384,808.3209658421673,0,106
17,107,67.10537727666956,831.1370338248048,0,107
17,108,284.9896694214876,829.2314049586777,0,108
17,109,860.1643454038997,825.6142061281337,0,109
17,110,504.2277753206546,831.8978328173374,0,110
17,111,650.26,856.8054545454545,0,111
17,112,965.7581967213115,862.5598360655738,0,112
17,113,873.6472241742797,872.9817287420942,0,113
18,1,245.94021461420542,37.848237097598364,0,1
18,2,874.3969811320754,31.081509433962264,0,2
18,3,152.74697077690664,32.84176764076978,0,3
18,4,286.79218241042344,33.10814332247557,0,4
18,5,334.7,35.80420168067227,0,5
18,6,1153.70946579194,38.554826616682284,0,6
18,7,1050.386295180723,53.92168674698795,0,7
18,8,109.40378343118068,59.151989562948465,0,8
18,9,623.2034837688044,56.83531274742676,0,9
18,10,553.6546052631579,67.77878289473684,0,10
18,11,350.650868878357,73.1785150078989,0,11
18,12,611.3283828382838,86.43316831683168,0,12
18,13,444.12159709618874,89.18784029038113,0,13
18,14,1143.397518382353,104.4779411764706,0,14
18,15,930.8504359490275,106.88329979879276,0,15
18,16,559.7649769585254,109.16655694535879,0,16
18,17,1020.7454407294833,121.5775075987842,0,17
18,18,771.6427469135803,131.38657407407408,0,18
18,19,1186.66,139.01,0,19
18,20,99.61488904795992,137.81245526127415,0,20
18,21,1122.1905132192846,153.83437013996888,0,21
18,22,445.0391271632807,160.5402558314522,0,22
18,23,556.5436974789916,160.68655462184873,0,23
18,24,960.5572831423896,161.78068739770868,0,24
18,25,392.5055632823366,170.41933240611962,0,25
18,26,658.261574074074,192.13425925925927,0,26
18,27,37.07654921020656,193.4489671931956,0,27
18,28,761.4962406015038,198.9518796992481,0,28
18,29,860.2644736842105,210.29934210526315,0,29
18,30,373.376582278481,220.39161392405063,0,30
18,31,174.98390482855143,222.962911126662,0,31
18,32,616.3812684365781,223.32522123893804,0,32
18,33,1176.6674025018397,220.08167770419425,0,33
18,34,100.44198895027624,224.94475138121547,0,34
18,35,455.52416356877325,224.2832713754647,0,35
18,36,552.1010174418604,234.83502906976744,0,36
18,37,243.2038060159607,252.9680785758134,0,37
18,38,330.0363288718929,254.54110898661568,0,38
18,39,848.3273727647868,264.91953232462174,0,39
18,40,928.9596273291926,267.27872670807454,0,40
18,41,354.9852941176471,288.2125,0,41
18,42,734.6984033116499,311.0124186871674,0,42
18,43,538.4047890535918,312.43158494868874,0,43
18,44,595.6162299239222,317.1724429416737,0,44
18,45,175.64951989026062,324.238683127572,0,45
18,46,185.3415610406938,366.74182788525684,0,46
18,47,707.8738898756661,366.8490230905862,0,47
18,48,663.8496143958869,366.80269922879177,0,48
18,49,1092.22419460881,376.58579881656806,0,49
18,50,77.81736733287389,392.38318401102686,0,50
18,51,422.0394285714286,391.9788571428571,0,51
18,52,899.5522935779817,426.47339449541283,0,52
18,53,523.8784383318545,437.50665483584737,0,53
18,54,180.9605792437651,446.25744167337086,0,54
18,55,245.90335846470185,446.4571624400274,0,55
18,56,566.0636704119851,451.6187265917603,0,56
18,57,355.8108326596605,458.78577202910265,0,57
18,58,609.8669950738916,463.5566502463054,0,58
18,59,878.5730442978322,484.5249764373233,0,59
18,60,374.25882352941176,494.9895424836601,0,60
18,61,1055.335860500379,499.5352539802881,0,61
18,62,863.6269841269841,506.28968253968253,0,62
18,63,707.3413021363174,508.2151576805697,0,63
18,64,626.7581168831168,524.5416666666666,0,64
18,65,400.31733845169543,521.0121561100448,0,65
18,66,103.35090287945339,525.2693997071742,0,66
18,67,319.65314569536423,521.7259933774834,0,67
18,68,878.7228400342173,530.2745936698033,0,68
18,69,1126.6548117154812,530.5564853556485,0,69
18,70,1164.4472891566265,539.0135542168674,0,70
18,71,838.5981240981241,545.9018759018759,0,71
18,72,1008.4926229508196,554.9868852459016,0,72
18,73,587.648177496038,556.6877971473851,0,73
18,74,219.18658280922432,574.7541928721174,0,74
18,75,771.1265923566879,577.2945859872611,0,75
18,76,392.10147299509003,584.7389525368249,0,76
18,77,47.33932951757972,585.7130008176615,0,77
18,78,799.8609332113449,590.8929551692589,0,78
18,79,896.8928571428571,590.3095238095239,0,79
18,80,951.3488258317026,592.0851272015656,0,80
18,81,440.3498759305211,611.4782878411911,0,81
18,82,607.3961625282167,621.8199774266366,0,82
18,83,739.8898785425101,617.5676113360324,0,83
18,84,639.4852760736196,627.0177914110429,0,84
18,85,884.1863738738739,648.8733108108108,0,85
18,86,76.54611474219317,648.2135076252723,0,86
18,87,165.7458064516129,648.3322580645162,0,87
18,88,819.6837060702875,650.1637380191693,0,88
18,89,535.8735380116959,651.7068713450292,0,89
18,90,995.8148464163822,659.127133105802,0,90
18,91,614.5837520938023,686.9154103852596,0,91
18,92,510.3796296296296,688.1166666666667,0,92
18,93,61.4537037037037,705.0436507936508,0,93
18,94,711.0727802037845,705.0312954876274,0,94
18,95,1117.494653911086,704.1221159257175,0,95
18,96,867.9126984126984,714.5238095238095,0,96
18,97,783.7219463753723,730.1847070506454,0,97
18,98,222.97517455391775,736.5252133436773,0,98
18,99,526.609511051574,738.5974547890154,0,99
18,100,1132.0688753269399,743.0148212728858,0,100
18,101,980.8152254249816,745.2535107169253,0,101
18,102,423.43794671864845,756.6159844054581,0,102
18,103,630.3933376040999,771.7866752081999,0,103
18,104,158.62022900763358,779.5534351145038,0,104
18,105,686.5443285528031,789.2985658409387,0,105
18,106,758.0922865013774,784.9481175390266,0,106
18,107,1027.179525222552,781.8954005934718,0,107
18,108,1068.8164179104479,794.2470149253732,0,108
18,109,310.0182072829132,800.9943977591037,0,109
18,110,126.73676781933662,811.363443895554,0,110
18,111,923.9164983164983,811.5771043771044,0,111
18,112,1186.6859706362154,820.1721044045677,0,112
18,113,442.00853578463557,824.8575180564675,0,113
18,114,1049.2374161073826,827.5612416107383,0,114
18,115,588.4099590723056,829.8615279672579,0,115
18,116,754.5626880641926,835.9047141424273,0,116
18,117,184.12952005259697,845.5226824457594,0,117
18,118,811.2865168539325,845.1230337078651,0,118
18,119,488.55555555555554,850.2127371273713,0,119
18,120,900.6735537190083,851.7115702479339,0,120
18,121,345.6777562862669,850.8553191489361,0,121
18,122,1022.9372325249643,852.5192582025678,0,122
18,123,696.2221471978393,855.9547602970965,0,123
18,124,1060.8341708542714,867.3283082077052,0,124
