ImageNumber,ObjectNumber,Class,FilteredBlue_Number_Object_Number,FilteredBlue_AreaShape_Area,FilteredBlue_AreaShape_Compactness,FilteredBlue_AreaShape_Eccentricity,FilteredBlue_AreaShape_EulerNumber,FilteredBlue_AreaShape_Extent,FilteredBlue_AreaShape_FormFactor,FilteredBlue_AreaShape_MajorAxisLength,FilteredBlue_AreaShape_MaxFeretDiameter,FilteredBlue_AreaShape_MaximumRadius,FilteredBlue_AreaShape_MeanRadius,FilteredBlue_AreaShape_MedianRadius,FilteredBlue_AreaShape_MinFeretDiameter,FilteredBlue_AreaShape_MinorAxisLength,FilteredBlue_AreaShape_Orientation,FilteredBlue_AreaShape_Perimeter,FilteredBlue_AreaShape_Solidity,FilteredBlue_AreaShape_Zernike_0_0,FilteredBlue_AreaShape_Zernike_1_1,FilteredBlue_AreaShape_Zernike_2_0,FilteredBlue_AreaShape_Zernike_2_2,FilteredBlue_AreaShape_Zernike_3_1,FilteredBlue_AreaShape_Zernike_3_3,FilteredBlue_AreaShape_Zernike_4_0,FilteredBlue_AreaShape_Zernike_4_2,FilteredBlue_AreaShape_Zernike_4_4,FilteredBlue_AreaShape_Zernike_5_1,FilteredBlue_AreaShape_Zernike_5_3,FilteredBlue_AreaShape_Zernike_5_5,FilteredBlue_AreaShape_Zernike_6_0,FilteredBlue_AreaShape_Zernike_6_2,FilteredBlue_AreaShape_Zernike_6_4,FilteredBlue_AreaShape_Zernike_6_6,FilteredBlue_AreaShape_Zernike_7_1,FilteredBlue_AreaShape_Zernike_7_3,FilteredBlue_AreaShape_Zernike_7_5,FilteredBlue_AreaShape_Zernike_7_7,FilteredBlue_AreaShape_Zernike_8_0,FilteredBlue_AreaShape_Zernike_8_2,FilteredBlue_AreaShape_Zernike_8_4,FilteredBlue_AreaShape_Zernike_8_6,FilteredBlue_AreaShape_Zernike_8_8,FilteredBlue_AreaShape_Zernike_9_1,FilteredBlue_AreaShape_Zernike_9_3,FilteredBlue_AreaShape_Zernike_9_5,FilteredBlue_AreaShape_Zernike_9_7,FilteredBlue_AreaShape_Zernike_9_9,FilteredBlue_Intensity_IntegratedIntensityEdge_Input,FilteredBlue_Intensity_IntegratedIntensity_Input,FilteredBlue_Intensity_LowerQuartileIntensity_Input,FilteredBlue_Intensity_MADIntensity_Input,FilteredBlue_Intensity_MassDisplacement_Input,FilteredBlue_Intensity_MaxIntensityEdge_Input,FilteredBlue_Intensity_MaxIntensity_Input,FilteredBlue_Intensity_MeanIntensityEdge_Input,FilteredBlue_Intensity_MeanIntensity_Input,FilteredBlue_Intensity_MedianIntensity_Input,FilteredBlue_Intensity_MinIntensityEdge_Input,FilteredBlue_Intensity_MinIntensity_Input,FilteredBlue_Intensity_StdIntensityEdge_Input,FilteredBlue_Intensity_StdIntensity_Input,FilteredBlue_Intensity_UpperQuartileIntensity_Input,FilteredBlue_Texture_AngularSecondMoment_Input_3_0,FilteredBlue_Texture_AngularSecondMoment_Input_3_90,FilteredBlue_Texture_Contrast_Input_3_0,FilteredBlue_Texture_Contrast_Input_3_90,FilteredBlue_Texture_Correlation_Input_3_0,FilteredBlue_Texture_Correlation_Input_3_90,FilteredBlue_Texture_DifferenceEntropy_Input_3_0,FilteredBlue_Texture_DifferenceEntropy_Input_3_90,FilteredBlue_Texture_DifferenceVariance_Input_3_0,FilteredBlue_Texture_DifferenceVariance_Input_3_90,FilteredBlue_Texture_Entropy_Input_3_0,FilteredBlue_Texture_Entropy_Input_3_90,FilteredBlue_Texture_InfoMeas1_Input_3_0,FilteredBlue_Texture_InfoMeas1_Input_3_90,FilteredBlue_Texture_InfoMeas2_Input_3_0,FilteredBlue_Texture_InfoMeas2_Input_3_90,FilteredBlue_Texture_InverseDifferenceMoment_Input_3_0,FilteredBlue_Texture_InverseDifferenceMoment_Input_3_90,FilteredBlue_Texture_SumAverage_Input_3_0,FilteredBlue_Texture_SumAverage_Input_3_90,FilteredBlue_Texture_SumEntropy_Input_3_0,FilteredBlue_Texture_SumEntropy_Input_3_90,FilteredBlue_Texture_SumVariance_Input_3_0,FilteredBlue_Texture_SumVariance_Input_3_90,FilteredBlue_Texture_Variance_Input_3_0,FilteredBlue_Texture_Variance_Input_3_90
2,5,positive,5.0,1797.0,1.00757735882,0.376512762298,1.0,0.719087635054,0.826201791263,49.7857985527,50.8035431835,22.1359436212,7.96020093518,7.07106781187,45.615786741,46.1221328898,-3.85536867637,165.324,0.954328199681,0.869899409883,0.0276322470582,0.105684980025,0.0291306861701,0.0155311328309,0.0103785415019,0.0673906424981,0.0158766959857,0.0158412317527,0.00533143859566,0.00196905962184,0.016404001992,0.0300672506605,0.00591839999391,0.00326593715066,0.00321611060433,0.00670255261127,0.00420720750162,0.00121544695753,0.00339843844943,0.00480190594755,0.00573609045056,0.00396913333133,0.00553755894495,0.00602268563524,0.00612094255495,0.00502974284818,0.00447109610089,0.00391251748053,0.00469579757912,42.6666675508,375.070598096,0.168627455831,0.0313725471497,0.594381370932,0.313725501299,0.313725501299,0.214405364577,0.208720421867,0.227450981736,0.1254902035,0.0823529437184,0.0337366366314,0.0513156218948,0.250000011176,0.0822835137685,0.0821197482847,2.69763205829,2.28163017032,0.580516159379,0.647033460853,1.41420754576,1.35585940711,1.44274239302,1.20604417154,3.28622855574,3.23958401875,-0.143880825671,-0.170376090739,0.632096349091,0.67339382235,0.585427226797,0.599323669708,9.79659987857,9.80474452555,2.32917966911,2.35366187155,10.1632428411,10.6352329639,3.22376796656,3.15970890239
1,15,positive,15.0,1345.0,1.02130800515,0.395842228469,1.0,0.727813852814,0.791677838983,43.5522300778,46.0977222865,18.6815416923,6.69863055696,5.83095189485,39.2087843107,39.994820084,-87.7132172064,146.114,0.927586206897,0.805184911896,0.0566686515297,0.135444707479,0.0280351961955,0.0178373183417,0.0174711881808,0.0597348173241,0.0141345642323,0.0213378211831,0.011331446988,0.0151068136013,0.0199698257274,0.0104125203614,0.011073680019,0.00232411301638,0.00914346877675,0.0112903850167,0.00770278809216,0.0115860885395,0.0110682036786,0.0045831134964,0.00189706340424,0.00199505003733,0.00247596597939,0.0103840730463,0.00383640128468,0.00377522494052,0.0104276594609,0.0020818929763,0.005600645594,36.0313734189,299.46275568,0.172549024224,0.0431372672319,0.375630522116,0.349019616842,0.360784322023,0.209484729179,0.222648888981,0.239215686917,0.0941176488996,0.0352941192687,0.0484535144761,0.0627068389522,0.274509817362,0.065867450989,0.0711236701367,2.16390728477,1.25922887613,0.544214829263,0.756492729631,1.32902330207,1.11337413156,1.065575523,0.62734082523,3.20769591846,3.08036802579,-0.146412966604,-0.252481873895,0.63468294621,0.768129035839,0.583015941986,0.648858755972,10.4486754967,10.2863002461,2.30309482364,2.37524232955,7.29703466953,9.08210107802,2.20778077168,2.58746629286
3,1,positive,1.0,1461.0,1.0097082343,0.359902138862,1.0,0.773015873016,0.873919803034,44.8005497082,45.2216762184,19.9248588452,7.20708560528,6.32455532034,41.0,41.7984675215,-80.6322430348,144.942,0.96023660861,0.875527364846,0.0251963376708,0.10036572644,0.0265407876458,0.0131557488088,0.0312342221425,0.0631028534084,0.00886164265433,0.0141119350913,0.00371709414758,0.0143021501925,0.0071211636957,0.0277644754194,0.00453505303662,0.00985326326673,0.00815905133611,0.00582047033603,0.00564908702368,0.0022843398174,0.00933837457603,0.00495612357321,0.00842701920432,0.008329966892,0.0011174131331,0.00772613184575,0.00405766781077,0.00595830519476,0.00491850515414,0.00490244171901,0.00421055563725,37.7490206659,338.541187063,0.184313729405,0.0509803891182,0.370240846803,0.305882364511,0.337254911661,0.219471050383,0.231718813869,0.239215686917,0.1254902035,0.0901960805058,0.0409901690209,0.0584572206878,0.282352954149,0.0387795665843,0.035927562457,2.7074829932,2.00074906367,0.606935156867,0.724901704809,1.40212170354,1.27980098133,1.37007728261,0.933745178078,3.53574646051,3.53693928605,-0.18500686311,-0.201671271903,0.717442596735,0.740587703037,0.562320562321,0.577127120511,10.4142101285,10.2958801498,2.48597371223,2.58394784133,11.0438494706,12.5229418283,3.50570778408,3.58275975256
3,62,positive,62.0,1585.0,1.00448660842,0.352728140684,1.0,0.783102766798,0.858064641978,46.4749277556,46.8401537145,21.0,7.58706066439,6.7082039325,42.7684221247,43.4877910894,87.9607731282,152.356,0.961480133455,0.904549522156,0.0176687798699,0.0820749201735,0.0265006995075,0.0112991531302,0.00368967969026,0.0597003801085,0.0150016538038,0.0139189583196,0.00467235985529,0.00388062031525,0.0109646222723,0.0351190169822,0.00349044815405,0.00485830336384,0.00838201277492,0.00455873575265,0.00487209690279,0.00462361794662,0.00211218472206,0.0146521347187,0.00432501269096,0.00166156176325,0.00521394211026,0.0040152954754,0.00604909925774,0.00420317235196,0.00250194221493,0.00181454727258,0.00403278282534,41.2078441083,355.925502501,0.172549024224,0.0431372672319,0.984480893447,0.368627458811,0.368627458811,0.228932467269,0.224558676657,0.239215686917,0.152941182256,0.0980392172933,0.0450727540911,0.0613386043363,0.274509817362,0.0426628033668,0.0488388406832,2.52802768166,1.56572608396,0.630612390571,0.774861137009,1.39002856637,1.1974743799,1.21307742963,0.759067434821,3.50426885967,3.33653857242,-0.162828313817,-0.249066706474,0.680390430163,0.78323379645,0.558390768604,0.617493218898,8.58615916955,8.51548520303,2.46701989192,2.52718583423,11.1283897463,12.251136671,3.42962656098,3.44507909923
3,25,positive,25.0,1112.0,1.02207260721,0.531372298023,1.0,0.792022792023,0.853239911574,41.0479948442,42.5205832509,17.0293863659,6.28317385248,5.65685424949,34.6482322781,34.7733329697,62.2096918298,127.974,0.958207669108,0.783098658045,0.0417986792701,0.151857173558,0.0535043237026,0.016177048082,0.0188362557586,0.0654518205278,0.0127072777181,0.0167513787073,0.00571292908226,0.0108824693353,0.00583087587799,0.00597060044547,0.0117770242706,0.00243394669252,0.0104237697004,0.0124219270848,0.0128847920045,0.00443725515113,0.00276782310344,0.0109919011724,0.0130156168009,0.00356521474549,0.0067497994115,0.00685688093875,0.00692591323576,0.00344906987703,0.00447773155223,0.00259894479654,0.00406160170094,36.4549029768,244.384320244,0.188235297799,0.0313725620508,0.764861094451,0.329411774874,0.329411774874,0.246316912005,0.219770072162,0.223529413342,0.156862750649,0.1254902035,0.0319610691114,0.043388213058,0.250980407,0.0361031287089,0.0349819323429,2.32663316583,2.21057884232,0.628077589518,0.641990945886,1.34821485483,1.3128338616,1.05279765662,0.967865665874,3.5251393184,3.55094605127,-0.179925907364,-0.161768958605,0.709223872919,0.682804317415,0.549910061497,0.547573179433,8.2824120603,8.24850299401,2.53266738128,2.51993804669,10.13431378,10.053016721,3.0729284614,3.01572603296
2,6,positive,6.0,1465.0,1.0133310817,0.461087367401,1.0,0.739898989899,0.856626288286,45.9743289967,45.607017004,18.973665961,7.12613784724,6.32455532034,39.6911150685,40.7955388836,-55.4071155586,146.598,0.951298701299,0.88590025473,0.03011323318,0.0885713052613,0.0463798455894,0.00929129883109,0.0195420217379,0.0525671966571,0.0177377715465,0.0119866902144,0.00813578871585,0.00159973630826,0.00436365929926,0.0236298168297,0.00289237215034,0.0038991073246,0.00409841348024,0.0125773047947,0.00721654289045,0.00206522345517,0.0104004690196,0.00913861881573,0.00814245814731,0.00734945425553,0.00480410348161,0.00482577199877,0.00667522201862,0.00416882722415,0.00192908307302,0.00347007885427,0.00652870192316,36.0352949575,313.576481454,0.149019613862,0.066666662693,0.421502057259,0.290196090937,0.333333343267,0.204745994076,0.214045379832,0.219607844949,0.121568627656,0.0431372560561,0.0369288937061,0.0718653239019,0.282352954149,0.0456717683989,0.0470490841015,2.62198795181,1.99924981245,0.683217313415,0.761612967721,1.39608458214,1.29486192774,1.25266502758,0.922824104376,3.44797305689,3.37630028605,-0.20793113724,-0.254359030887,0.743254609548,0.791393127047,0.55359742136,0.576148448877,10.6506024096,10.6249062266,2.48741833404,2.53440194459,13.9095478299,14.770032343,4.21228589055,4.20762692549
3,20,positive,20.0,1203.0,1.00828357446,0.352861588387,1.0,0.734432234432,0.847872995039,40.5789239339,41.1946598481,17.88854382,6.51949890286,5.83095189485,38.0,37.9687062021,79.1035464467,133.528,0.944640753828,0.86463021902,0.0459977749253,0.10595801948,0.02269657598,0.0227010673582,0.0272527347345,0.06215483091,0.00582562504728,0.0131862938483,0.00130077133787,0.0109303137801,0.00827290981,0.0233454012986,0.00828720194955,0.0109122644191,0.00280655653636,0.0107649305856,0.0029743864673,0.00328452441749,0.00891512292087,0.00100793892072,0.00866112279839,0.0052097475098,0.00104086217872,0.00490287731056,0.00886940552981,0.00152959655521,0.00156032094537,0.00786216052744,0.00214331408716,36.4705892354,234.470595203,0.129411771894,0.0549019575119,0.244461585821,0.29411765933,0.349019616842,0.227941182721,0.194904900418,0.180392161012,0.145098045468,0.0823529437184,0.0361304806163,0.0707178123074,0.254901975393,0.0310648799915,0.0333175610354,2.91372912801,2.39944649446,0.702955901941,0.754571390614,1.43225224991,1.33020108463,1.19563559949,0.932308758051,3.64687803492,3.56548631185,-0.193173995925,-0.232035746038,0.737300015587,0.780287807496,0.499476573846,0.510717386586,7.67254174397,7.64298892989,2.61450980612,2.62627439377,16.6024185859,17.1096279667,4.81113671645,4.81871502294
1,24,positive,24.0,1839.0,1.00298388807,0.343192260337,1.0,0.781887755102,0.893312609724,49.9272862342,49.7694685525,23.0217288664,8.21672688354,7.21110255093,45.9619407771,46.8949613345,-47.9158034934,160.84,0.968659468001,0.936148518394,0.00875327802615,0.0569957761244,0.027558357969,0.00661104564873,0.00831822358054,0.0449314957342,0.020757358107,0.00173535998935,0.00379107640321,0.00486347902782,0.00425616465338,0.0304166097514,0.0126990597022,0.00243822735323,0.00550485083122,0.00121278796002,0.00305476486886,0.00373652171649,0.00898653345404,0.0164535835448,0.00520546926871,0.00284597446014,0.00259587706527,0.00329491338094,0.00115918492396,0.00407117386757,0.00353172709936,0.00438439195122,0.00213179674968,42.3058832586,402.239227898,0.160784319043,0.0588235408068,0.281299756129,0.301960796118,0.345098048449,0.220343141972,0.218727149483,0.219607844949,0.145098045468,0.0901960805058,0.031437906577,0.0674926580397,0.278431385756,0.0305924416948,0.0316543153988,2.85460992908,2.17375886525,0.713947326262,0.779273222302,1.42832092135,1.32938622637,1.4066557126,1.06952059197,3.69412209566,3.62728366265,-0.214266074639,-0.246677936834,0.766877104716,0.799908178208,0.54703171931,0.581699881262,9.14775413712,9.19030732861,2.67234557547,2.67185027724,17.088097793,17.5063363122,4.96396335977,4.98514040485
1,135,positive,135.0,1666.0,1.00793699996,0.238472379972,1.0,0.708936170213,0.782219937004,46.8899335917,49.1629942131,20.8806130178,7.43594289274,6.40312423743,44.8461538462,45.5371252455,10.8871308849,163.598,0.93542953397,0.870819475441,0.0300098268188,0.104480341978,0.0116072132631,0.0190247705634,0.0181648042027,0.0656331650096,0.0101177111475,0.00799194864733,0.00737773898886,0.00879145887648,0.0110120207736,0.0275597769433,0.00674454910922,0.00615554793886,0.00897248542224,0.00219903012217,0.00309517203068,0.00266651894498,0.0144813615736,0.00153809086304,0.0022684935272,0.00380879440192,0.0055409195667,0.0137528706096,0.00350282441257,0.0016740724963,0.00238748930887,0.00263679310914,0.00482561970473,47.7450993955,377.117657885,0.176470592618,0.0431372672319,0.657554161896,0.403921574354,0.403921574354,0.249974342385,0.226361139187,0.223529413342,0.141176477075,0.1254902035,0.0395412342404,0.058002919283,0.266666680574,0.0431509809191,0.041944907362,1.54295081967,1.6501650165,0.733651679032,0.713541654627,1.17865853289,1.2096803982,0.69413598495,0.781516409067,3.31993623079,3.3655763496,-0.221633345205,-0.196255552291,0.751461832935,0.72184014235,0.600952748312,0.60450397981,6.77967213115,6.78943894389,2.47759422105,2.46838406914,10.0104720236,9.81639011426,2.83556033324,2.83015216373
1,108,positive,108.0,1693.0,1.01094073176,0.489716590426,1.0,0.785250463822,0.886193391306,49.736943781,49.244289009,20.8806130178,7.78176259285,7.0,42.5793377121,43.3647300203,9.16091880191,154.942,0.964947278427,0.888904968757,0.0111204412983,0.0898298442691,0.0544128388344,0.00666931222894,0.00609371573219,0.0565010681857,0.0294388134681,0.00520518013796,0.00185667238564,0.00484386780363,0.00216147257319,0.024207853918,0.0065638656759,0.00623969213886,0.00426303340291,0.00175099004958,0.00297105744582,0.00373354397831,0.00566804269711,0.00291047660386,0.00700338875629,0.00974863581035,0.00203174939326,0.00175890404587,0.00270068629946,0.00162111420052,0.00537191057638,0.0013158581782,0.000938285401912,44.5019620359,381.72157976,0.184313729405,0.0313725620508,0.524635911122,0.305882364511,0.32549020648,0.244516274922,0.225470513739,0.235294118524,0.188235297799,0.133333340287,0.0262351122469,0.0428988797957,0.254901975393,0.0483613019299,0.0461165901571,1.91223574632,2.60155239327,0.727932629542,0.626991718486,1.27738580684,1.39836988348,0.932630366792,1.21872243858,3.41462795306,3.46602407462,-0.213490097456,-0.181418752598,0.746980322535,0.706559705447,0.593577828846,0.547687507683,8.59769378603,8.67787839586,2.50475401793,2.51348489966,12.1072080062,11.3451380602,3.48166737185,3.4457373617
2,59,positive,59.0,1229.0,1.00856100108,0.283534211749,1.0,0.731547619048,0.858644743367,40.5455641762,41.2310562562,18.0277563773,6.62850487004,5.83095189485,37.9969634414,38.881660246,38.4889585218,134.114,0.949034749035,0.879370620427,0.0203963628994,0.0985116151692,0.0166953000846,0.0141889222571,0.0317693589959,0.0636505985124,0.00499866298381,0.0192153107251,0.00812792521046,0.012542061776,0.00902901200831,0.0292012640224,0.00403819336937,0.00832339077954,0.00613554383767,0.00500953719549,0.00135440362008,0.00235626261063,0.00555217807205,0.00498611477374,0.00712553490864,0.00243396210562,0.0029044637986,0.00624969859956,0.00418892923645,0.00521094810047,0.00403739354272,0.00648223397648,0.00418937353987,38.8352951854,260.76079087,0.152941182256,0.0470588207245,0.438025608219,0.329411774874,0.450980395079,0.242720594909,0.212173141472,0.196078434587,0.168627455831,0.0901960805058,0.0321998703846,0.0792398139085,0.250980407,0.0496388280172,0.0458051847389,1.62342342342,1.7815049864,0.758304434427,0.735355392908,1.20523781364,1.21819392829,0.792205178151,0.737513860246,3.30530835212,3.33282415998,-0.228413623773,-0.212948432005,0.758383106402,0.741833793038,0.613789083201,0.564967201749,6.38558558559,6.38893925657,2.46043737811,2.44791854857,11.8026751075,11.6574297905,3.33697021346,3.34659861961
3,76,positive,76.0,1512.0,1.04106952508,0.633201344459,1.0,0.723098995696,0.803560215307,50.0475000097,50.1597448159,18.6815416923,7.0544203238,6.32455532034,39.4034727323,38.7361202486,-89.2455469919,153.77,0.945,0.764852322839,0.0154469821289,0.155203677375,0.0765938954665,0.00544758852538,0.0212785562649,0.0543448327694,0.015338258857,0.0187444893017,0.00341786555431,0.00670775577425,0.00306384851792,0.00653039965872,0.0153448038402,0.0149069114522,0.0112475407174,0.00479637492818,0.010606780578,0.00559606971699,0.00669460517507,0.0149383732454,0.0117314242537,0.00207077361709,0.00321968704586,0.00279316804781,0.00299528257579,0.00510899196128,0.00229471456077,0.00848344321784,0.00308775788671,45.3843150884,328.196087614,0.176470592618,0.0431372523308,0.156794216266,0.32549020648,0.345098048449,0.249364368618,0.217060904506,0.215686276555,0.176470592618,0.0823529437184,0.032411289869,0.0538040902961,0.258823543787,0.0376813665851,0.0438113931558,2.2744665195,1.49170872386,0.610587419327,0.739395752085,1.35296130244,1.16460433912,1.08686374488,0.688572276609,3.50498030068,3.35726930688,-0.159837971344,-0.230665793326,0.676470339634,0.764285009428,0.569344307599,0.611158234022,9.11184694628,9.08074981975,2.49152638165,2.50256339515,9.34142697878,9.93003317966,2.84599603331,2.84833262206
2,27,positive,27.0,1562.0,1.00225001193,0.236268254299,1.0,0.754589371981,0.879100549857,45.2656666865,45.6946386352,21.0950231097,7.53822974739,6.7082039325,43.1335136524,43.9840991374,-86.343205997,149.426,0.960935096893,0.943869720899,0.0136165074947,0.0507244595254,0.0116643106156,0.0110223180967,0.00730376112296,0.041067739798,0.00936670245491,0.0130918675003,0.00741874796578,0.00462962299488,0.00680043659938,0.0291389496905,0.00651534142224,0.00806593415556,0.00122345044625,0.003651550128,0.00219838241064,0.00339781583854,0.00547127347424,0.0171903702568,0.00366642384741,0.00370809840837,0.00102204017371,0.00476763417792,0.000643889391068,0.00145041661235,0.00161367135833,0.00314172214133,0.00423308759161,41.9764717221,329.917655505,0.156862750649,0.0470588207245,0.274662740923,0.298039227724,0.388235300779,0.233202620678,0.211214888288,0.203921571374,0.141176477075,0.0823529437184,0.0346032636539,0.0694463192658,0.250980407,0.0444368608762,0.0423030856016,1.95716292135,1.83952347582,0.71925192722,0.736388461483,1.27476700844,1.24698817806,0.96417306448,0.831096546776,3.43946662668,3.41747011367,-0.220660653816,-0.231467785734,0.758933583853,0.769236051367,0.59273253597,0.5808359784,7.69592696629,7.67133847232,2.50517804524,2.52214508542,11.9686350958,12.1113228756,3.46070917103,3.49224413147
1,33,positive,33.0,1378.0,1.01372644105,0.507898991279,1.0,0.781622234827,0.860331252361,45.1768554681,45.8039299624,19.2093727123,7.02045180676,6.0827625303,38.7104637017,38.9160947019,28.7069680524,141.872,0.957942301008,0.835416464176,0.0604520565501,0.119448987057,0.0490055032207,0.0239600746169,0.0139999065529,0.0584694895178,0.0168646352897,0.00550848813416,0.00931354658183,0.0140444395021,0.0033453721245,0.0143466308847,0.0113562172001,0.00507436987012,0.00370220381114,0.0149361284366,0.0103866471095,0.00227582342045,0.000828964779643,0.00174203104566,0.00918310701221,0.00562003211434,0.00296534778432,0.00400643636658,0.00550149333716,0.00360843189563,0.00238356177569,0.00128197949362,0.000622389761908,40.611765787,306.101970077,0.178431376815,0.0431372523308,0.189924312626,0.317647069693,0.360784322023,0.244649191488,0.222134956514,0.227450981736,0.168627455831,0.117647059262,0.0329978927859,0.0511222445448,0.262745112181,0.0366519000908,0.036946771188,2.48881789137,2.29143314652,0.58274617825,0.616785143172,1.37311892891,1.34823096296,1.18060815156,1.0564698356,3.53309820612,3.50672182766,-0.139671438685,-0.153000944805,0.641793324893,0.664595343715,0.556244488456,0.556321882748,7.82907348243,7.86709367494,2.45755399498,2.48055695973,9.44043268789,9.63325664535,2.98720513632,2.92872119954
2,111,positive,111.0,1239.0,1.01072286801,0.431493265271,1.0,0.774859287054,0.849416758135,41.9248546439,42.4499705536,18.3575597507,6.65911262938,6.0,36.7555311778,37.8210887845,64.6989935873,135.388,0.951978486362,0.857844258553,0.0237379620034,0.112991362982,0.0380873791564,0.0167396606939,0.0215790665576,0.0678595768809,0.0166153101336,0.0167840589212,0.00814818370503,0.00784283604978,0.00363753747014,0.0252589866346,0.00238686209178,0.00222448145495,0.00332170676091,0.00218280247306,0.0016948486568,0.0046319329923,0.00724111425779,0.00130574698517,0.00918355694535,0.00759687768094,0.00325410994559,0.00500397417254,0.0054249945693,0.00436813822457,0.00340096468243,0.00297357947721,0.00867689051457,40.6196092367,271.549027868,0.176470592618,0.0431372523308,0.180822802298,0.321568638086,0.333333343267,0.260382110492,0.219167899812,0.219607844949,0.172549024224,0.105882354081,0.0294257740845,0.0529577824334,0.262745112181,0.0286449300497,0.0285165117922,2.4605734767,2.60819234194,0.660130516183,0.636397307572,1.34577704889,1.38253708724,0.957972019887,1.08715444653,3.68484746055,3.71079976202,-0.157306937091,-0.142487988849,0.683855509038,0.659109666882,0.507722311423,0.515706958172,8.79928315412,8.77560106857,2.60121536329,2.59834229504,12.0080998446,11.7056558052,3.57565100654,3.55827675044
2,99,positive,99.0,993.0,1.0093587184,0.431910523138,1.0,0.746616541353,0.82978514551,37.5216487696,37.6430604494,16.1554944214,6.00881659056,5.09901951359,33.6697630104,33.8413926146,-18.8314713542,122.63,0.944365192582,0.885169801158,0.0370808380987,0.0914195505071,0.0386186556675,0.0176373647113,0.0159687730324,0.0568305921244,0.0167435505409,0.00280849154144,0.00232867711158,0.00512814678781,0.0108350554735,0.0262283105243,0.0045904216914,0.00707135069494,0.00791367867564,0.00904890002014,0.00693548005237,0.00689456645555,0.00506369114826,0.007697257436,0.00628278645531,0.00590857069657,0.00923803898652,0.0059877729348,0.00718074106201,0.00359007902939,0.00321901755098,0.00274466449951,0.0053839126186,34.9882362485,198.027455084,0.164705887437,0.0313725471497,0.174866152355,0.313725501299,0.313725501299,0.244672980759,0.199423419017,0.20000000298,0.180392161012,0.121568627656,0.0263293039474,0.03791793263,0.23137255013,0.042676122068,0.045694731405,2.875,2.30568181818,0.420618625931,0.536482633661,1.43637389393,1.34926076808,1.32093453251,1.06296358471,3.39638527592,3.34937974486,-0.0928147834716,-0.133172691383,0.536558488915,0.617121358813,0.528520545432,0.556805327026,7.10472972973,7.17159090909,2.29625570416,2.34471810875,6.98790555758,7.64214746901,2.24770209399,2.49612474174
2,97,positive,97.0,1204.0,1.02941943768,0.49833499329,1.0,0.684090909091,0.820783684447,42.4428478263,43.2897216438,16.9705627485,6.33992795203,5.65685424949,35.2347047563,36.7972939236,76.6517720468,135.77,0.949152542373,0.81189383998,0.0427383066093,0.12910575553,0.0488222251052,0.0150585983294,0.034073703427,0.0559599408552,0.0112782522357,0.026079244651,0.0158058341735,0.00739852068299,0.0120257963497,0.0105856932568,0.00793691423453,0.00394177607512,0.0142946132836,0.00989198504486,0.0136948513289,0.0057336442816,0.00454268736686,0.00269912588676,0.00415713737304,0.00338794626962,0.0117253661146,0.00456888361812,0.00730511750416,0.00258131417196,0.00553728827473,0.00234959772441,0.00337955238731,40.7137267143,287.078440674,0.207843139768,0.0313725471497,0.833712596057,0.301960796118,0.329411774874,0.248254431184,0.238437243084,0.247058823705,0.176470592618,0.121568627656,0.0281404812575,0.0451892285074,0.270588248968,0.0386274086656,0.0410567223768,2.44869402985,1.866359447,0.622046634328,0.709412723372,1.34872382921,1.26139183225,1.16833422672,0.870042685128,3.52970593858,3.45361665229,-0.171640391378,-0.208873631846,0.697234178694,0.74416010363,0.55686963936,0.586440769856,10.0083955224,10.0341013825,2.51325931389,2.55370478227,10.4710116048,10.9601274183,3.19149239808,3.19066108858
1,45,positive,45.0,1153.0,1.00509163138,0.307388751415,1.0,0.758552631579,0.804323186191,39.3522607163,39.6988664826,17.7200451467,6.36555533278,5.65685424949,36.7575128933,37.4469826218,81.5722061393,134.216,0.940073379535,0.929445725513,0.0157575107358,0.0608535012324,0.0212750301707,0.0120651520244,0.0130424318897,0.0446358470952,0.0138317854537,0.00404832238296,0.00748228645247,0.00858058407579,0.00748686933823,0.026807106454,0.00608341900072,0.00347133948454,0.00634789589603,0.00345851390866,0.00461795451924,0.00327203503335,0.00835987140783,0.0118781758848,0.000790296759218,0.00256730324832,0.00539601786835,0.00381817899255,0.00122290992977,0.0020662174662,0.00104419896549,0.00301297025408,0.0122259734282,35.8784322292,245.839222863,0.15000000596,0.0549019724131,0.207614372713,0.32549020648,0.364705890417,0.229989950187,0.213217018962,0.20000000298,0.156862750649,0.0901960805058,0.0343996069964,0.0731751367541,0.270588248968,0.0345772470712,0.0406777287685,2.69990319458,2.00869565217,0.72539574403,0.796893541129,1.40249778335,1.29255904943,1.13800816989,0.909743517935,3.60164134647,3.46692482259,-0.200611541714,-0.261387565619,0.743834302787,0.805837069532,0.516582199191,0.570792838875,8.18489835431,8.14396135266,2.56015346894,2.6012576105,16.9503237312,17.7135746458,4.87109510078,4.91009451796
1,58,positive,58.0,1396.0,1.04293922895,0.62447425569,1.0,0.722567287785,0.825579641264,47.9722786849,46.872166581,18.0,6.79731063644,6.0,36.4662119692,37.4685271988,-62.7919157526,145.77,0.944200202908,0.797372244468,0.0267756019447,0.132470640452,0.0812147803416,0.010377874366,0.0164527019456,0.0478269667282,0.0182041105876,0.0122650367671,0.00259530428421,0.00876795407921,0.0121678394014,0.00112626556083,0.0206123100466,0.010634682573,0.0051227200198,0.00293242756413,0.00876907758607,0.00679826125246,0.00853740953821,0.00385993169302,0.0139248415982,0.00657723264862,0.00273726558909,0.00502524091273,0.0016491425217,0.00149486919289,0.00421364187831,0.00704014271154,0.00860990659559,43.1333344877,333.976481497,0.207843139768,0.0313725620508,0.965293822545,0.32549020648,0.333333343267,0.247892726941,0.239238167262,0.247058823705,0.168627455831,0.129411771894,0.0322301304317,0.0463046079842,0.274509817362,0.0420317914473,0.036838609201,2.08505564388,2.37697160883,0.702080719261,0.660362039175,1.28925700193,1.35475307176,1.13062915623,1.05120460946,3.47628652084,3.56059352036,-0.215707390899,-0.171328337429,0.754275334443,0.69831403389,0.612784326817,0.542100717987,9.62559618442,9.72712933754,2.57417192944,2.56285755304,11.8399489689,11.6116614754,3.45576987724,3.52451263322
3,77,positive,77.0,1522.0,1.01426640314,0.488152435862,1.0,0.735265700483,0.808874766996,47.2203544605,47.8016736109,19.7230829233,7.2383946532,6.32455532034,41.1596604342,41.211960319,56.4480110801,153.77,0.945929148539,0.840755734,0.0665548829761,0.113263961025,0.0433852621435,0.0242627868883,0.0131608263166,0.0539072706638,0.00866513964825,0.0101048661059,0.00990932097886,0.0131290244279,0.00782416673915,0.014033870384,0.00841023554556,0.0110020584855,0.0111433239446,0.0159263926872,0.0070190293972,0.00545997171178,0.0081476939325,0.000316575914755,0.00538512285954,0.00491603389108,0.00467458086803,0.0066357345885,0.00667586497728,0.00364988353368,0.00210428441898,0.00227566831358,0.00272167863195,45.2156876624,327.701970443,0.164705887437,0.0470588356256,0.212453247222,0.333333343267,0.392156869173,0.248437844299,0.215310098846,0.207843139768,0.176470592618,0.0666666701436,0.0320566146322,0.065152629456,0.262745112181,0.0468316682816,0.0436282535334,1.48193641618,1.53251445087,0.735661083073,0.725516865143,1.16133418217,1.16332892509,0.688240815764,0.67314258328,3.3094045291,3.35464447624,-0.23534407176,-0.215066798649,0.766355764215,0.745359251551,0.612710551095,0.596833560014,8.21315028902,8.24783236994,2.49534164895,2.47281938987,9.72263053811,9.62138258462,2.77350354172,2.81344546677
1,67,positive,67.0,2056.0,1.0216372376,0.552468345609,1.0,0.770614692654,0.776353478379,56.1412602772,57.4282160614,23.0,8.29933878707,7.21110255093,45.0,46.7956424393,-0.163551707619,182.426,0.946810960166,0.783811444406,0.0396789835818,0.152218583502,0.0582623004529,0.0197415774049,0.00390992551384,0.065919763924,0.0133621852343,0.00405262174039,0.00573087472115,0.00738108475846,0.00952866813762,0.00480003153345,0.0132779639118,0.00925820969422,0.00500839346794,0.00732302831661,0.00797905775056,0.00281001343727,0.00551834100367,0.0136185159744,0.0141837565034,0.00484711335369,0.00397500732596,0.00440328046715,0.00679406710697,0.00163895579783,0.0048105004058,0.00297416203675,0.00225625227015,50.4470601678,485.384330936,0.203921571374,0.0235294252634,1.35410482303,0.321568638086,0.337254911661,0.239085593212,0.236081873023,0.250980407,0.156862750649,0.105882354081,0.0344219716251,0.0481868752945,0.270588248968,0.0863246464269,0.0934744228158,1.94929430214,1.74414893617,0.662776524712,0.697869477769,1.28001608964,1.25285965038,1.10765830621,0.959793741512,3.18173161808,3.13595633027,-0.200589239028,-0.218787794561,0.714930001044,0.733202427524,0.639293663503,0.640833975161,10.0632514375,10.1196808511,2.33475423028,2.34823082103,9.52082936543,9.79791053644,2.79096144929,2.8698435378
1,109,positive,109.0,2065.0,1.03888401025,0.623798135478,1.0,0.749274310595,0.824319164265,58.1942773679,61.8465843843,22.825424421,8.35215157679,7.28010988928,45.5643370224,45.4838030894,-42.8522755471,177.426,0.955797269151,0.687292114059,0.0573204600565,0.186992904187,0.0615873960797,0.0151445519732,0.00961958942741,0.0436429310609,0.00921678813723,0.0202472471712,0.0171985775334,0.00973130417255,0.00742090152959,0.0222071623083,0.0168424929109,0.00414269964293,0.00850520124791,0.00903787347179,0.00110062590162,0.0149271319569,0.00600533403864,0.0141385116885,0.00927917129174,0.00287682557761,0.00108644534437,0.00576253354465,0.0097056027334,0.00492875458696,0.00569908608675,0.00668050661989,0.00473975045337,52.0352956951,464.588248953,0.180392161012,0.0431372523308,0.25252846954,0.313725501299,0.333333343267,0.250169690842,0.224982202883,0.227450981736,0.172549024224,0.129411771894,0.0316308585673,0.0521818291116,0.266666680574,0.0305038729401,0.0351517898867,2.70677877036,2.28182294395,0.697509989225,0.743195094492,1.40032120937,1.3532289343,1.22690588111,1.21689408693,3.6732857863,3.59240340642,-0.195864376192,-0.234136851157,0.741337260689,0.783916234475,0.53144736936,0.602061205673,8.3767735155,8.44316396019,2.65619574202,2.65414547075,15.1554668363,15.3866334676,4.41288294142,4.39546895533
1,91,positive,91.0,1010.0,1.01902526892,0.47348179925,1.0,0.69944598338,0.81171864601,38.4216542223,38.4187454246,15.8113883008,5.93850290003,5.09901951359,33.2707255176,33.8419314443,37.8636097122,125.044,0.936920222635,0.855426669184,0.0330561032864,0.107543855703,0.047649427316,0.0188446207176,0.0325313883952,0.0552805193838,0.0163628391607,0.0155856508275,0.00554141942047,0.00552863421451,0.0087384051976,0.014195442878,0.00817066544448,0.00564499569773,0.00678419976454,0.00266767987673,0.00744274845145,0.0106493549162,0.00323150143722,0.00331294554659,0.0125710378609,0.00413288489339,0.00508602518853,0.00141297934605,0.00430038813903,0.00583201394015,0.00540464044162,0.00682039220147,0.0083710585178,36.2431385741,247.286283009,0.223529413342,0.027450978756,0.890265980092,0.313725501299,0.364705890417,0.244886071446,0.244837903969,0.254901975393,0.0823529437184,0.0705882385373,0.0478195130853,0.0523836673908,0.278431385756,0.0816408963857,0.0805055530479,1.70791527313,1.51224944321,0.59435028689,0.646361468589,1.22974792529,1.18555005174,0.908515813271,0.773185648881,3.05800229457,3.03026166651,-0.150063894877,-0.17260209408,0.633092599623,0.668078849394,0.629305190116,0.633325943021,10.5975473802,10.5768374165,2.22122257745,2.20121701188,6.55486577953,6.84543231432,1.84658884005,2.2691616113
2,91,negative,91.0,1228.0,1.03975230061,0.592306670839,1.0,0.75152998776,0.786826932823,44.3948652067,47.8852795753,17.0880074906,6.34729428849,5.83095189485,36.7695526217,35.7695026547,-61.1668229997,140.044,0.943526699962,0.681874470534,0.0206915628275,0.197182957824,0.0521654936359,0.00206411626655,0.0149702269879,0.0532909699346,0.00263496622202,0.0291994141827,0.00790990592156,0.0136819521483,0.00177836986274,0.0208189128344,0.01849537754,0.00743140068806,0.011396520926,0.00478304606114,0.00788204772896,0.00394443110203,0.00325244696,0.0190263697521,0.00938028837549,0.00905020546707,0.00536850436726,0.00712837584738,0.00149416084581,0.00818328026483,0.00152713544499,0.00496905057348,0.00261381120851,31.7176477499,230.639222916,0.137254908681,0.0549019575119,1.64516144887,0.309803932905,0.341176480055,0.197004023291,0.187816956772,0.180392161012,0.0588235296309,0.0,0.0528461713319,0.0770473353496,0.250980407,0.0405588337814,0.0448307957335,1.76251137398,1.40161725067,0.746890330326,0.797240437927,1.22467232772,1.12993697712,0.755218781902,0.613622071589,3.43485904856,3.35424412811,-0.241351884149,-0.279010716014,0.782813059906,0.814680614815,0.573425038805,0.607420326621,9.83530482257,9.79694519317,2.565156095,2.57032875584,12.1448500208,12.4115989341,3.37985810576,3.40284911876
3,99,negative,99.0,790.0,1.01032837016,0.298188931906,1.0,0.704099821747,0.85313840691,32.6274508039,33.7342555869,14.8660687473,5.30564139301,5.0,29.6984848098,31.1431258747,15.3710116279,107.872,0.942158616577,0.881561806471,0.0369724398522,0.0932826561348,0.0168799804319,0.0201240911397,0.00619142392427,0.0546923964272,0.00965822662451,0.0341605410125,0.00347323806826,0.00185445153314,0.0164909364784,0.018756782557,0.00422589316313,0.0158234963883,0.0192901546633,0.00930625448889,0.00123860727881,0.00837353386371,0.00104698441459,0.00330449874029,0.0028636495833,0.00378620187532,0.00515742521497,0.00591183651501,0.0107605537083,0.00192114830803,0.0025534897458,0.00768128773834,0.00519302739765,33.239216771,189.549024982,0.186274513602,0.0549019575119,0.0810231494799,0.380392163992,0.427450984716,0.251812248265,0.239935474661,0.239215686917,0.0588235296309,0.0274509806186,0.0699899249608,0.0766550404863,0.29411765933,0.0414613356343,0.0465327541915,3.00578871201,1.52470930233,0.379824535027,0.694691525099,1.40580584783,1.16601355916,1.37286719262,0.694173793267,3.42837576389,3.30229098986,-0.112917945979,-0.210777991198,0.585996376054,0.735856938186,0.512663559697,0.605668604651,9.55571635311,9.50145348837,2.31035830764,2.45537481871,6.50738772852,8.4622071897,2.57616952298,2.4759984282
2,169,negative,169.0,769.0,1.05353903179,0.583238205287,1.0,0.646218487395,0.730143556604,35.2710407801,35.6089876295,13.0384048104,4.8865216838,4.24264068712,27.917525594,28.6507078038,-37.2199541843,115.044,0.913301662708,0.709508636609,0.0117810674399,0.17927519983,0.0537883365076,0.00629639285726,0.0321026163623,0.0496165925066,0.00626233956549,0.0157910446716,0.00592092566262,0.00792417386123,0.0288831830683,0.01546587156,0.0201343655145,0.00919122210127,0.00974573999283,0.00270364041523,0.0104222875801,0.0063072955174,0.011691826117,0.0156729302948,0.00344215910054,0.000770481724024,0.0016926986647,0.0076955875624,0.004485027449,0.00611248433516,0.00682324609358,0.0028331085824,0.00698357867994,38.3411777914,214.529419541,0.262745112181,0.0196078419685,0.599709938584,0.35686275363,0.35686275363,0.277834621677,0.278971936985,0.29411765933,0.180392161012,0.137254908681,0.0407073598463,0.0429757133984,0.305882364511,0.0813753543019,0.0834527870518,2.0,2.27861445783,0.603372723747,0.57054350292,1.28414856267,1.29635780498,1.0677764566,1.24520748657,3.01887806345,3.06063323241,-0.144952268847,-0.160514334529,0.627273582138,0.652801906827,0.612944744455,0.604908179864,11.5802098951,11.4743975904,2.18222406033,2.22938295073,7.42497566809,8.15295897445,1.92001600399,2.38621126071
2,164,negative,164.0,1302.0,1.03328293373,0.457890001201,1.0,0.673913043478,0.649058674742,43.7348072586,49.4064773081,17.0293863659,6.35625495867,5.65685424949,39.0864682467,38.8806309869,80.4689312581,158.77,0.877654196158,0.679130637954,0.0100114332933,0.202266344383,0.0278656118236,0.00322260947505,0.0278707105741,0.0596703446824,0.00904697856201,0.0121450852098,0.00723461363558,0.0141787087091,0.00810259681984,0.0182620243973,0.0106967225522,0.00592907104798,0.00368966340683,0.00331828791356,0.0113230635641,0.00605396561409,0.00438407948215,0.0235430274162,0.0055440118712,0.00502929341831,0.00382228438511,0.00948713777292,0.0046621893914,0.0045766668687,0.00771128163922,0.00266895853748,0.00310423703473,45.7215702087,290.447066687,0.192156866193,0.0352941155434,0.597449544302,0.35686275363,0.35686275363,0.248486794612,0.223077624184,0.23137255013,0.1254902035,0.0666666701436,0.0399783120048,0.0513682405428,0.258823543787,0.0449429419459,0.0585899925688,2.27868852459,1.60034158839,0.472147967552,0.609086745642,1.30154429749,1.20867190758,0.931967324782,0.838634492405,3.38066690413,3.22029443513,-0.0995146892708,-0.163176261346,0.546824594825,0.661172837156,0.524955558864,0.634297174168,9.42450388266,9.46029035013,2.30218515809,2.34050086786,6.35474037078,6.56951622654,2.13980991319,2.08692563889
1,144,negative,144.0,1692.0,1.01583741808,0.41036631272,1.0,0.735652173913,0.851589077515,48.860994804,50.0099990002,21.0950231097,7.62568722725,6.7082039325,42.9372035451,44.5573559678,71.9157713742,158.012,0.958911873052,0.860113996115,0.0544038411831,0.101719157662,0.033226864144,0.0221318779371,0.0265797073507,0.051021469097,0.0099168568158,0.0206989864457,0.00753196184053,0.00227528658225,0.015661237511,0.0154805810068,0.0066805204958,0.0025688538213,0.0170999760907,0.0144092485406,0.0105921154939,0.0079347467823,0.00577749836267,0.0031732640478,0.00413171786304,0.00525640797123,0.00727194767158,0.00428100127088,0.00942324533451,0.00449256605172,0.00250667881661,0.00206446620556,0.000622956684036,47.5372561514,378.015696481,0.168627455831,0.0509803891182,0.924915783053,0.384313732386,0.423529416323,0.252857745486,0.223413532199,0.211764708161,0.145098045468,0.0431372560561,0.0562857661892,0.0775286762924,0.274509817362,0.0416551011791,0.038075030353,1.80350194553,2.10489060489,0.686775509316,0.635082284805,1.24180008856,1.26794945211,0.863532713928,0.809043875646,3.45278864221,3.47897614565,-0.18516124806,-0.168539827811,0.712814997817,0.6894888742,0.594778773527,0.527295783178,8.56744487678,8.50514800515,2.48883017159,2.49739574379,9.69940709002,9.39669164476,2.7958153122,2.81774107257
1,51,negative,51.0,1408.0,1.01821340013,0.319796811793,1.0,0.695308641975,0.755721077722,43.8483393507,45.607017004,18.8679622641,6.77461418431,6.0,40.4323746901,41.5456941132,-41.8051866559,153.012,0.933377527345,0.802020213969,0.0365795085514,0.144119199103,0.0164873102572,0.010386989211,0.0373142273804,0.0697525431514,0.000570449952351,0.0115636854635,0.00962982155277,0.00327627293971,0.0181574716698,0.0135900495876,0.00706718826224,0.00364652941418,0.00800243852327,0.0125333625689,0.0117499237567,0.005037914723,0.00645386008076,0.00847765161352,0.00423711700189,0.0032327448983,0.00561896249739,0.0065128506146,0.00410739932504,0.00693868503254,0.00566717412796,0.00307120669141,0.00636497734739,41.4627464004,277.490203898,0.133333340287,0.0588235259056,0.557428592643,0.396078437567,0.470588237047,0.229075946963,0.197081110723,0.188235297799,0.0509803928435,0.0352941192687,0.0608113392975,0.082251815297,0.254901975393,0.0498873010976,0.0462701684949,1.33438485804,1.65698587127,0.721194714979,0.65282588666,1.10471515744,1.18018761628,0.58454905512,0.674179767306,3.22019433757,3.2843005229,-0.208784103034,-0.173036501579,0.727415402852,0.68087243684,0.613880126183,0.570325053098,6.92902208202,6.89089481947,2.41126377321,2.39593816833,8.17477286071,7.88684017261,2.38141177144,2.39666411185
2,23,negative,23.0,1952.0,1.01751351627,0.234463330477,1.0,0.721893491124,0.807837789763,50.9626237607,54.7083174664,22.5610283454,8.10765725373,7.07106781187,48.7903679019,49.5420388157,19.8133966043,174.254,0.9508037019,0.816631223543,0.0545794503995,0.131023297514,0.0127833486378,0.0222010383039,0.0452544884762,0.0610584471644,0.00298148349379,0.00813671602504,0.0060626357976,0.00278492773578,0.00481006728183,0.0122165719603,0.00934749685139,0.00907793829093,0.00876680069034,0.0155799881556,0.0133873072025,0.00191348467223,0.00300886220652,0.00278620368941,0.00567512503608,0.00875421980994,0.00657453939876,0.000981023636146,0.00906546250208,0.00680500735366,0.00242125054588,0.00464511076344,0.00360847381089,47.8666678295,443.674521647,0.168627455831,0.0509803891182,1.1806575927,0.32549020648,0.43137255311,0.232362465192,0.227292275434,0.211764708161,0.113725490868,0.0862745121121,0.0361890030016,0.07535867952,0.282352954149,0.0496289700944,0.0444807827677,1.43262806236,1.68600111545,0.782233262791,0.74547389747,1.16581818208,1.2041712121,0.763620654163,0.732301268271,3.31895385709,3.37922579907,-0.250998252996,-0.216202292711,0.784595277507,0.74792666711,0.65120554475,0.581867392802,7.66648106904,7.63022866704,2.47702115294,2.48130977753,11.7222840537,11.5615402154,3.27085276115,3.31261965959
2,121,negative,121.0,1137.0,1.02176412361,0.43844892004,1.0,0.768243243243,0.800133385877,40.4520380761,43.4165866922,17.1172427686,6.21167490856,5.38516480713,35.9230769231,36.3565163661,-15.6047390594,133.63,0.9475,0.767239476915,0.0478042189468,0.160019461329,0.0317756386653,0.0125010448712,0.0267454996499,0.0646394113612,0.00921157626644,0.0258870017523,0.01351210149,0.00231109021764,0.00565018679247,0.000835522931323,0.00628871898344,0.00903050453044,0.020002228177,0.0152910844197,0.00727819906991,0.00195235630783,0.00400999869858,0.0154543748966,0.00867449859093,0.00798120818023,0.00371571913722,0.00838664796493,0.00376510150845,0.00060318380384,0.00108767880464,0.0039836803122,0.00490412580504,40.2313737869,269.152949527,0.184313729405,0.0509804040194,1.22955991421,0.321568638086,0.435294121504,0.257893421711,0.236722031246,0.239215686917,0.192156866193,0.0705882385373,0.0314294154093,0.0684509316187,0.286274522543,0.0600700378418,0.0502828513114,1.29296875,1.40904621436,0.732150253924,0.710026456581,1.11638699553,1.13075578664,0.673427581787,0.617173729973,3.19179142341,3.247004921,-0.251797150087,-0.226406597298,0.776127738884,0.750953410326,0.656479779412,0.606703684424,8.2578125,8.25073746313,2.41619411042,2.431468553,8.30462646484,8.30389571967,2.39683532715,2.43155636384
2,161,negative,161.0,1000.0,1.04379777199,0.633673855928,1.0,0.661375661376,0.75381225238,40.7816285481,41.9761837236,15.0,5.69751562874,5.0,32.5774306971,31.5486806105,-78.5018508211,129.114,0.922509225092,0.722610411314,0.0627754056796,0.166667917797,0.0641419614775,0.00957053540586,0.0112946777244,0.0467190788288,0.00421254247237,0.0231979692541,0.0271404435655,0.0080466438732,0.0111808533585,0.00568454998537,0.0139808859565,0.00943223324361,0.0050565173223,0.00998996786844,0.00418456666339,0.00998651444783,0.00787436492255,0.00596119627053,0.00542107006453,0.00346004810642,0.00737257885947,0.00181707345238,0.0123996338686,0.00724136912458,0.00419367436226,0.00150404360045,0.00433588841649,40.600001514,218.101967491,0.164705887437,0.0509804040194,0.773326260892,0.35686275363,0.384313732386,0.265359487019,0.218101967491,0.207843139768,0.1254902035,0.0705882385373,0.0460745482167,0.0673750789839,0.270588248968,0.0415113451922,0.0545962984926,3.04810996564,1.30167597765,0.514906661708,0.790348459016,1.43064988194,1.13254953144,1.1555156673,0.667027870541,3.52034468894,3.28957998058,-0.146370041201,-0.266585272346,0.653788018664,0.79795771952,0.475500303214,0.652021031876,8.31271477663,8.38547486034,2.45117225332,2.51974589648,9.51618426802,11.0659342717,3.20438928318,3.04592241191
2,66,negative,66.0,1807.0,1.01539685328,0.497757574232,1.0,0.723958333333,0.785909189213,51.6102805606,52.3545604508,21.5406592285,7.82715138549,7.0,44.4636716832,44.7624326105,-60.6148882308,169.98,0.947064989518,0.83215152327,0.0758060884509,0.115202073625,0.0429928035147,0.0250475607878,0.00743115871812,0.0504205397542,0.00296096851949,0.0046751995867,0.0117036607983,0.0106909081247,0.0067085841538,0.0121696545153,0.0143762844526,0.00734976685366,0.00646959274635,0.0163816949669,0.00689143756229,0.00340169817985,0.00403941269795,0.00410090581899,0.00746353046509,0.000126237171543,0.00317626190774,0.00620514995199,0.0047523192075,0.00454001544141,0.00433937692097,0.00659769585623,0.00441461462107,45.8549031094,380.066677649,0.156862750649,0.0490196123719,0.668657821831,0.298039227724,0.35686275363,0.223682454192,0.210330203458,0.215686276555,0.117647059262,0.0588235296309,0.0395468470384,0.0621630368363,0.258823543787,0.0384281493927,0.0402641892873,2.07958687728,1.64638554217,0.650288607153,0.724518336055,1.30128785924,1.19071769883,0.92193638542,0.718529176949,3.49659060785,3.40290891643,-0.166094984935,-0.218135963614,0.686051567751,0.752194345164,0.560506754342,0.586176470588,9.20716889429,9.18975903614,2.48089742746,2.52704816176,9.74505188764,10.2718228335,2.99529918252,2.98882421251
3,49,negative,49.0,1492.0,1.01470089261,0.476270102423,1.0,0.722868217054,0.787636162794,46.6123200623,47.5184174821,19.8494332413,7.17261593971,6.32455532034,41.143650786,40.9861679594,79.7913018722,154.286,0.951227287217,0.823178757476,0.0718413815382,0.123054180282,0.0400769850724,0.0256838897173,0.0143381049145,0.0543014783304,0.0136185646793,0.0197453623014,0.0120528801244,0.0050971574837,0.00230952987265,0.0103637804946,0.0140681302259,0.00588295304534,0.0034096905577,0.0167946711471,0.00691444264903,0.00472899228066,0.00642518875344,0.000538068819152,0.00919446053535,0.00399719511423,0.00247930694733,0.00251816538811,0.00476106611746,0.00130337884954,0.00418332345352,0.00198328641048,0.00581732685504,41.3647070527,303.588244319,0.156862750649,0.0470588356256,0.745524827384,0.301960796118,0.317647069693,0.233698909902,0.203477375549,0.203921571374,0.145098045468,0.0862745121121,0.0325639441829,0.0563745670438,0.250980407,0.029146776406,0.0294749357161,2.71555555556,2.37536656891,0.665163776797,0.70531628626,1.41323813823,1.3339391336,1.25414320988,1.01653537551,3.68035451381,3.65518708858,-0.17931252569,-0.189193673366,0.718093842127,0.730868028637,0.536046254399,0.535018112817,9.0637037037,9.04252199413,2.63346988217,2.64292838525,13.4981640604,13.713734402,4.00674677641,4.02246712705
3,37,negative,37.0,1283.0,1.03982161691,0.630860642692,1.0,0.750292397661,0.810451981339,46.0401740367,46.0977222865,17.4642491966,6.57735722949,5.83095189485,35.5384615385,35.7223941934,-68.4527449076,141.044,0.950018511662,0.768065530152,0.0517984280124,0.147899544779,0.0725049638737,0.00327500606897,0.0174376750366,0.0535638979564,0.00780240411048,0.00847590745918,0.0232338419562,0.0135134342789,0.0066305548273,0.00668811821579,0.016684872365,0.0142021281247,0.00608355935765,0.00945236704577,0.00207127564001,0.00625419617696,0.00424837904513,0.000978223876098,0.00845458186238,0.00443271014123,0.00814040545692,0.00403068209371,0.00749768924984,0.0106752976221,0.00548515131524,0.00359477532662,0.00360431338932,39.7725502774,255.137261972,0.152941182256,0.0431372523308,0.602131203732,0.32549020648,0.329411774874,0.242515550472,0.198859908006,0.196078434587,0.117647059262,0.074509806931,0.0368638147432,0.0551477454339,0.243137255311,0.0297770842249,0.0285907471383,2.88055797733,2.85714285714,0.553167716601,0.554882607634,1.41631405034,1.37412297031,1.14744426346,1.00717055441,3.67358411887,3.68908522079,-0.117761654717,-0.11234731382,0.608011649549,0.597241742427,0.489817517163,0.465200070343,8.65736704446,8.62788708298,2.49742756411,2.52141489744,9.92183543895,9.97017184012,3.12875938064,3.12640855403
2,127,negative,127.0,1368.0,1.03063182717,0.606171271137,1.0,0.706611570248,0.809020737285,46.8826904062,46.8614980554,18.3575597507,6.84191700194,6.0,36.7695526217,37.2874041313,36.0972424344,145.77,0.944751381215,0.793165618032,0.0315198758847,0.142277921661,0.0727373594077,0.0105493701944,0.00407462081569,0.0581292051079,0.0180418076964,0.0127861026863,0.0115189858468,0.00962963283007,0.00701662969225,0.00245528832419,0.0129326105475,0.0121813979414,0.00228305134886,0.00679371781284,0.00688029319838,0.00135579217922,0.00721424171394,0.0117187004247,0.0126923081159,0.0033747077219,0.00690546535722,0.00254347281277,0.0049790236603,0.00356998814191,0.00401627834804,0.00395060560075,0.00628412656997,43.2509817332,348.294130132,0.227450981736,0.0235294252634,0.608772606705,0.337254911661,0.360784322023,0.250005674758,0.254600972318,0.262745112181,0.149019613862,0.141176477075,0.0434732014244,0.0440032746734,0.282352954149,0.0636566437302,0.0681221918497,2.38268608414,1.88349514563,0.557569468006,0.669940795361,1.36479784862,1.28013050013,1.26107484735,0.972057267938,3.31656310722,3.22433874431,-0.163080863401,-0.219965946891,0.6692873935,0.744331594762,0.591244632807,0.612471994025,9.49919093851,9.41262135922,2.38004506435,2.40971973424,8.37783106063,9.23427435825,2.78156648967,2.88432973576
1,36,negative,36.0,1684.0,1.00883946328,0.363532567834,1.0,0.77962962963,0.813501969446,48.1041538724,49.040799341,21.3775583264,7.61085027657,6.7082039325,44.0,44.8129393296,16.9709809054,161.286,0.949534818156,0.854411004598,0.0203219348081,0.116973167605,0.0258350377536,0.00920934293201,0.019723801085,0.0723436761426,0.0127025979332,0.0117808963571,0.00230729240113,0.0106696801738,0.0171657354189,0.029347309328,0.000911958530305,0.00236133181967,0.00465143579279,0.00688339447721,0.00339447652755,0.00521234172791,0.00146503959734,0.000963317331059,0.00547739327041,0.00345428010184,0.00640872585728,0.0103695605441,0.00509306660865,0.00212990973118,0.00465569296539,0.00149082895356,0.00270216456118,46.8039229363,369.219618842,0.172549024224,0.0470588207245,0.564779170485,0.349019616842,0.349019616842,0.251633994281,0.219251555132,0.219607844949,0.164705887437,0.0823529437184,0.0377107795705,0.0573138625684,0.262745112181,0.0373722446944,0.0368363282789,1.79495472186,2.04944697463,0.711926520207,0.66995793756,1.24867525555,1.29594131428,0.834656142212,0.933035440272,3.48080974717,3.51810477044,-0.195625728822,-0.177178585775,0.729049370284,0.704885368941,0.590156761281,0.567060392588,9.14294954722,9.17631750163,2.53960784265,2.51195533302,10.6024632277,10.3417163026,3.03476860537,3.04744855694
2,141,negative,141.0,1122.0,1.02493163309,0.528767321442,1.0,0.779166666667,0.81375366647,41.2560324748,42.8018691181,16.7630546142,6.15137962762,5.38516480713,34.3834775643,35.0167516119,-30.4935537002,131.63,0.939305148598,0.77510296991,0.0468327580668,0.154271607468,0.0517017968873,0.0192482146386,0.0238940571025,0.0622988176453,0.0143199171883,0.0132447494768,0.00235566484099,0.0116660441811,0.00643665697891,0.00149885520839,0.00978655141142,0.0053615954308,0.00678223238226,0.00781641963813,0.0119123639238,0.00869729203544,0.00698536347813,0.0136754501444,0.011560869375,0.00901822686214,0.00260656246287,0.00632669959169,0.00352489140071,0.00224349684869,0.00383473940687,0.00507808623738,0.00709542097862,40.1490210146,252.51373212,0.192156866193,0.0274509936571,0.438072691111,0.309803932905,0.309803932905,0.260707928666,0.225056802246,0.23137255013,0.211764708161,0.133333340287,0.0243192359253,0.037896227558,0.252941191196,0.034365258308,0.0342664328678,2.91287128713,2.5994005994,0.509477035897,0.56811256516,1.41135038198,1.39222316786,1.26635035781,1.1285477759,3.63336002428,3.59696638567,-0.105051936573,-0.12429773277,0.576871840753,0.618666754903,0.507651502585,0.52523223383,9.09504950495,9.1008991009,2.44537628957,2.49019750555,8.95730222527,9.35944974107,2.90252328203,2.85315683318
2,14,negative,14.0,1674.0,1.00343500188,0.315290411156,1.0,0.791115311909,0.876247925013,47.41917708,48.6004115209,22.2036033112,7.80003363963,7.0,44.1971746145,45.000573111,-46.6923968202,154.942,0.961240310078,0.891476377705,0.0228058635462,0.0929071886605,0.0209809828143,0.0154044050269,0.011067777724,0.0667188842045,0.0130967894196,0.00495001219096,0.00655382375198,0.0035451435497,0.00588106170577,0.0378367254271,0.00485741034959,0.00271695651099,0.00443303579813,0.00264410082906,0.00264778288279,0.00363143247568,0.00791671494797,0.0136992511187,0.00150747341102,0.000675057188591,0.00220694561741,0.00765051641439,0.00558752009893,0.00537661899003,0.00351916325034,0.00375435763968,0.0043784473543,42.8313736394,351.85883408,0.160784319043,0.0431372672319,0.286839603609,0.35686275363,0.384313732386,0.235337217799,0.210190462414,0.219607844949,0.121568627656,0.0862745121121,0.0442969434247,0.0570577192218,0.254901975393,0.0555489600607,0.0503760443793,1.72928897586,2.04557291667,0.640430786683,0.570169157993,1.24290402578,1.29509114142,0.85793431653,0.913898044162,3.2573106534,3.30604302675,-0.165478357268,-0.137390381261,0.666845530177,0.622693225392,0.61128506197,0.563178653413,7.64318330072,7.62890625,2.35292786904,2.31833636069,7.87985731604,7.46254984538,2.36250201588,2.30938678318
2,160,negative,160.0,754.0,1.07589327263,0.632332848519,1.0,0.640067911715,0.697400304027,35.9457048721,37.3363094052,12.0830459736,4.77445231053,4.24264068712,27.727242921,27.8470233908,11.939096281,116.56,0.900298507463,0.687266542412,0.0560111758051,0.170622297693,0.0610494589074,0.0139433215786,0.0351998889773,0.0295197548059,0.00553716468597,0.0362957548013,0.016158520136,0.0192778325491,0.0132527882278,0.0153491636687,0.0127845656781,0.0125019330724,0.00463983711086,0.00251621611194,0.0107514931954,0.0168574588622,0.00516332206092,0.00189370978564,0.00334005274373,0.00956376168348,0.0075643695684,0.00924179272202,0.00770724726355,0.00284899896007,0.0119726886363,0.00763277710014,0.00520138649898,34.2705892771,167.576474518,0.196078434587,0.027450978756,0.325276602607,0.345098048449,0.345098048449,0.255750666247,0.222249966204,0.219607844949,0.188235297799,0.129411771894,0.0305585167331,0.0400207959847,0.247058823705,0.0475123447212,0.0394600207684,1.89577039275,2.78504672897,0.560697956961,0.366653047726,1.25995539441,1.39683960363,0.86839523188,1.08937219165,3.31630454058,3.43906731594,-0.134176844913,-0.0764453518602,0.618989007543,0.490663107103,0.578376918976,0.492121622193,7.7084592145,7.63862928349,2.33768305198,2.28522558733,6.64461122115,6.00025232674,2.04887916321,2.15138634136
2,118,negative,118.0,1601.0,1.04459449456,0.605859859004,1.0,0.724762335899,0.746344834989,51.0455465731,53.4134814443,18.3847763109,7.03673787676,6.0827625303,40.396618577,40.6103762692,-43.9423901159,164.184,0.932168850073,0.714495797799,0.0369925346857,0.177395347229,0.0611678177999,0.0130192012128,0.018121442938,0.0565289465661,0.00443010654146,0.0127476227774,0.0122947234387,0.0191529021974,0.00191629216515,0.00393387508615,0.0175980611581,0.0145417757307,0.0123398792747,0.0104075906581,0.00948594823873,0.00483801575174,0.00121858631585,0.0126944742161,0.00406983454513,0.00420454888936,0.00203367657035,0.00754739172832,0.00750986411476,0.00644840137844,0.00721567546628,0.00238875372575,0.00271657272457,43.360785339,321.964714527,0.141176477075,0.0549019575119,0.394815856759,0.388235300779,0.388235300779,0.227019818529,0.201102257668,0.192156866193,0.0392156876624,0.0392156876624,0.0591059809323,0.0782400549795,0.250980407,0.0359193212417,0.0388030372811,2.32167352538,1.81993127148,0.663882857404,0.735815145389,1.30097361294,1.23590377694,0.862846957611,0.776865648729,3.5117138307,3.4531420785,-0.184200570048,-0.215794841839,0.714982179773,0.754596190967,0.506701363673,0.568724479483,8.39300411523,8.41099656357,2.54106627893,2.52139276819,11.486837203,11.9245526151,3.40765249576,3.31908409206
1,132,negative,132.0,1349.0,1.07964114551,0.656204637307,1.0,0.698240165631,0.776335180319,48.5973541126,48.2597140481,17.0,6.38212142249,5.83095189485,37.4102861652,36.6707362951,34.5452586523,147.77,0.932273669661,0.724459759892,0.0273918409172,0.155747430255,0.0787047755976,0.012437102247,0.043857400658,0.0377482225001,0.00831456099653,0.0127885493686,0.0165974511141,0.0143638860415,0.0127842325425,0.00277858486605,0.0213835708479,0.0115542088862,0.0144862178051,0.00893014349305,0.00704833308699,0.0145515696461,0.00073483643344,0.000374918254147,0.00298400663416,0.00514203548813,0.00299927568119,0.00303484859836,0.00441872173731,0.007181667386,0.00812262217382,0.00531808153485,0.00810795577364,38.9450991601,297.596087895,0.172549024224,0.0509803891182,0.578018821571,0.345098048449,0.360784322023,0.2212789725,0.220604957669,0.219607844949,0.0980392172933,0.0823529437184,0.0582196003373,0.058257700869,0.270588248968,0.0431996532883,0.0424739911668,2.0237899918,1.88852188274,0.635240957556,0.663241031796,1.29223047021,1.24350754168,0.926366169772,0.780031107635,3.43274757662,3.40170153289,-0.161624536135,-0.176730379225,0.674085179269,0.695964265254,0.569771402069,0.556178843258,9.05906480722,9.00825763832,2.45045505229,2.44953441601,9.05639650031,9.23197144807,2.80947346532,2.80731745403
2,12,negative,12.0,1458.0,1.0138808276,0.337353545432,1.0,0.704347826087,0.79541819244,44.6595216097,47.1699056603,19.2093727123,7.00546590893,6.32455532034,39.9724013921,42.0414922369,83.6865409291,151.77,0.948292682927,0.831747049409,0.0142526440161,0.130004957557,0.0209552377762,0.00945789599418,0.016635137933,0.0732877994251,0.0066617365999,0.0360800680591,0.0086693949608,0.00198564096551,0.00392999739832,0.023308270633,0.00745129737569,0.00702493828883,0.000425600836993,0.0058496916044,0.00337013354093,0.00380270784349,0.0058173969101,0.00512891364277,0.00544423249255,0.00849256249892,0.00624529250911,0.0114877067686,0.00394949527685,0.00150769274448,0.00146917199401,0.00626624142434,0.00292147892211,41.1019618288,323.14902851,0.172549024224,0.0470588356256,0.48964792453,0.337254911661,0.40000000596,0.228344232382,0.221638565507,0.223529413342,0.121568627656,0.0470588244498,0.0434172571477,0.0676695039474,0.270588248968,0.040588731153,0.0396456894675,1.79258137774,2.07105064248,0.646745195042,0.590605002322,1.22675205992,1.30164942788,0.75437310642,0.948059479104,3.42330008143,3.49132290605,-0.167858453907,-0.131087238122,0.683377047024,0.622937643117,0.567475620074,0.569356631542,8.9947009841,8.95691609977,2.45497273454,2.44769615294,8.35500598553,8.04576282516,2.50735656068,2.50513703424
3,48,negative,48.0,1447.0,1.00589671113,0.184186960045,1.0,0.782585181179,0.838215060447,43.4063788703,45.3100430368,19.9248588452,7.105970547,6.32455532034,40.9657731544,42.6637489794,20.8150622153,147.286,0.95385629532,0.879210164034,0.0219938208931,0.100541062001,0.006312564308,0.0115024557726,0.0207133986494,0.0679211015647,0.00197411681217,0.0145839136166,0.000962987249375,0.00888534546451,0.00775044397919,0.034406898019,0.00615217770848,0.00551648577225,0.0109756346226,0.00678116958903,0.00281716331887,0.00484980349515,0.0104123174882,0.00933614313368,0.00670772303043,0.00131116943282,0.00341493994416,0.0054508427627,0.00775361230308,0.00492523865261,0.00193895455363,0.00377115177143,0.00907224128941,39.3725501373,312.976479597,0.164705887437,0.0509804040194,0.628305648707,0.329411774874,0.392156869173,0.228910175217,0.216293351484,0.219607844949,0.121568627656,0.0313725508749,0.0413727207794,0.0712074477294,0.270588248968,0.0387131674115,0.0394053619661,2.13165905632,1.52048558422,0.603840077312,0.721715496079,1.30777480082,1.10385701493,1.00133731342,0.55657281806,3.50981964684,3.3871906601,-0.145733689161,-0.217252613756,0.651822962108,0.749715317173,0.570881974145,0.562974203338,9.2899543379,9.21092564492,2.46916013855,2.50414246442,8.61683972394,9.38950126761,2.70962807744,2.71873568035
3,80,negative,80.0,934.0,1.02329886965,0.552281320015,1.0,0.786195286195,0.823446497108,37.901280487,39.1152144312,15.1327459504,5.67458526202,5.0,31.2521218792,31.5966984731,22.1273645103,119.388,0.94582278481,0.77609846383,0.107200538446,0.130446821442,0.0402394168653,0.0198981687661,0.00639130123526,0.0359718560157,0.00958710837934,0.0119609089375,0.0255815380795,0.0157145075002,0.00763147727215,0.00348655385398,0.0116738631842,0.00710785182698,0.0108233317549,0.0166916368216,0.00336940427804,0.00311592037627,0.00600117203421,0.00845320348554,0.00594900150913,0.00448864717402,0.00713211964605,0.00931867386195,0.00125424965995,0.010484139273,0.00196288471385,0.00469108872889,0.00597403875189,35.0862756073,209.478437155,0.196078434587,0.0313725620508,0.719316235771,0.32549020648,0.333333343267,0.250616254338,0.224280981965,0.23137255013,0.184313729405,0.0901960805058,0.030991728159,0.0505820140582,0.262745112181,0.0352573733358,0.0378579335903,2.50480769231,2.52189781022,0.586290878759,0.58791045564,1.34878040873,1.3737157126,0.98409185466,1.14940859929,3.56648155241,3.54477607192,-0.128532854552,-0.142582192941,0.622655907685,0.648517159945,0.50755525583,0.541138487961,9.70432692308,9.70194647202,2.4555479282,2.4849328657,9.56161589312,9.64960691684,2.97221130732,3.0205436269
