Count_C1DNANuclei,ExecutionTime_01Images,ExecutionTime_02Metadata,ExecutionTime_03NamesAndTypes,ExecutionTime_04Groups,ExecutionTime_05ColorToGray,ExecutionTime_06CorrectIlluminationApply,ExecutionTime_07IdentifyPrimaryObjects,ExecutionTime_08MeasureObjectIntensity,FileName_C1illum,FileName_C2illum,FileName_C3illum,FileName_raw,ImageNumber,Metadata_XY,Metadata_basename,Scaling_raw,Threshold_FinalThreshold_C1DNANuclei
10.0,0,0.0,3.08,0,0.15999999999999925,0.16999999999999993,1.2100000000000009,0.5400000000000009,Atr+C Day2_XY0100C1illum.tiff,Atr+C Day2_XY0100C2illum.tiff,Atr+C Day2_XY0100C3illum.tiff,Atr+C Day2_XY0001.tif,1,1,Atr+C Day2,65535,0.01
7.0,0,0.0,4.629999999999999,0,0.5600000000000005,0.6400000000000006,2.8100000000000023,1.309999999999997,Atr+C Day2_XY0100C1illum.tiff,Atr+C Day2_XY0100C2illum.tiff,Atr+C Day2_XY0100C3illum.tiff,Atr+C Day2_XY0002.tif,2,2,Atr+C Day2,65535,0.01
7.0,0,0.0,4.39,0,0.5199999999999996,0.6399999999999988,2.9399999999999995,1.3199999999999985,Atr+C Day2_XY0100C1illum.tiff,Atr+C Day2_XY0100C2illum.tiff,Atr+C Day2_XY0100C3illum.tiff,Atr+C Day2_XY0003.tif,3,3,Atr+C Day2,65535,0.01
10.0,0,0.0,4.58,0,0.5300000000000011,0.4399999999999995,2.730000000000002,1.3299999999999983,Atr+C Day2_XY0100C1illum.tiff,Atr+C Day2_XY0100C2illum.tiff,Atr+C Day2_XY0100C3illum.tiff,Atr+C Day2_XY0004.tif,4,4,Atr+C Day2,65535,0.01
16.0,0,0.0,4.579999999999999,0,0.47000000000000064,0.5899999999999999,2.889999999999999,1.3099999999999987,Atr+C Day2_XY0100C1illum.tiff,Atr+C Day2_XY0100C2illum.tiff,Atr+C Day2_XY0100C3illum.tiff,Atr+C Day2_XY0005.tif,5,5,Atr+C Day2,65535,0.01
15.0,0,0.0,4.629999999999999,0,0.47999999999999865,0.6099999999999994,2.7300000000000004,1.3100000000000005,Atr+C Day2_XY0100C1illum.tiff,Atr+C Day2_XY0100C2illum.tiff,Atr+C Day2_XY0100C3illum.tiff,Atr+C Day2_XY0006.tif,6,6,Atr+C Day2,65535,0.01
13.0,0,0.0,4.630000000000001,0,0.5500000000000007,0.6199999999999974,2.900000000000002,1.309999999999997,Atr+C Day2_XY0100C1illum.tiff,Atr+C Day2_XY0100C2illum.tiff,Atr+C Day2_XY0100C3illum.tiff,Atr+C Day2_XY0007.tif,7,7,Atr+C Day2,65535,0.01
10.0,0,0.0,4.29,0,0.4800000000000004,0.5800000000000001,2.6500000000000004,1.33,Atr+C Day2_XY0100C1illum.tiff,Atr+C Day2_XY0100C2illum.tiff,Atr+C Day2_XY0100C3illum.tiff,Atr+C Day2_XY0008.tif,8,8,Atr+C Day2,65535,0.01
14.0,0,0.0,1.709999999999999,0,0.4499999999999993,0.5,1.5600000000000005,0.5500000000000007,Atr+C Day2_XY0100C1illum.tiff,Atr+C Day2_XY0100C2illum.tiff,Atr+C Day2_XY0100C3illum.tiff,Atr+C Day2_XY0009.tif,9,9,Atr+C Day2,65535,0.01
15.0,0,0.0,1.5899999999999999,0,0.41999999999999815,0.5399999999999991,1.6400000000000006,1.1999999999999993,Atr+C Day2_XY0100C1illum.tiff,Atr+C Day2_XY0100C2illum.tiff,Atr+C Day2_XY0100C3illum.tiff,Atr+C Day2_XY0010.tif,10,10,Atr+C Day2,65535,0.01
8.0,0,0.0,1.3399999999999963,0,0.33999999999999986,0.28000000000000114,1.3199999999999967,0.639999999999997,Atr+C Day2_XY0100C1illum.tiff,Atr+C Day2_XY0100C2illum.tiff,Atr+C Day2_XY0100C3illum.tiff,Atr+C Day2_XY0011.tif,11,11,Atr+C Day2,65535,0.01
9.0,0,0.0,2.1799999999999997,0,0.3099999999999987,0.43000000000000327,2.5599999999999987,1.0999999999999979,Atr+C Day2_XY0100C1illum.tiff,Atr+C Day2_XY0100C2illum.tiff,Atr+C Day2_XY0100C3illum.tiff,Atr+C Day2_XY0012.tif,12,12,Atr+C Day2,65535,0.01
11.0,0,0.0,2.2099999999999973,0,0.5400000000000027,0.6699999999999982,3.0,1.1499999999999986,Atr+C Day2_XY0100C1illum.tiff,Atr+C Day2_XY0100C2illum.tiff,Atr+C Day2_XY0100C3illum.tiff,Atr+C Day2_XY0013.tif,13,13,Atr+C Day2,65535,0.01
13.0,0,0.0,2.3500000000000014,0,0.3000000000000007,0.39000000000000057,2.5199999999999996,1.1000000000000014,Atr+C Day2_XY0100C1illum.tiff,Atr+C Day2_XY0100C2illum.tiff,Atr+C Day2_XY0100C3illum.tiff,Atr+C Day2_XY0014.tif,14,14,Atr+C Day2,65535,0.01
14.0,0,0.0,2.5499999999999936,0,0.519999999999996,0.620000000000001,3.2900000000000027,1.1799999999999997,Atr+C Day2_XY0100C1illum.tiff,Atr+C Day2_XY0100C2illum.tiff,Atr+C Day2_XY0100C3illum.tiff,Atr+C Day2_XY0015.tif,15,15,Atr+C Day2,65535,0.01
3.0,0,0.0,2.360000000000003,0,0.5299999999999976,0.629999999999999,2.6099999999999994,1.0300000000000011,Atr+C Day2_XY0100C1illum.tiff,Atr+C Day2_XY0100C2illum.tiff,Atr+C Day2_XY0100C3illum.tiff,Atr+C Day2_XY0016.tif,16,16,Atr+C Day2,65535,0.01
7.0,0,0.0,2.669999999999998,0,0.5500000000000007,0.6400000000000006,2.889999999999997,1.149999999999995,Atr+C Day2_XY0100C1illum.tiff,Atr+C Day2_XY0100C2illum.tiff,Atr+C Day2_XY0100C3illum.tiff,Atr+C Day2_XY0017.tif,17,17,Atr+C Day2,65535,0.01
7.0,0,0.0,2.6799999999999997,0,0.5899999999999999,0.6500000000000021,3.1499999999999986,1.120000000000001,Atr+C Day2_XY0100C1illum.tiff,Atr+C Day2_XY0100C2illum.tiff,Atr+C Day2_XY0100C3illum.tiff,Atr+C Day2_XY0018.tif,18,18,Atr+C Day2,65535,0.01
10.0,0,0.0,1.5800000000000054,0,0.25,0.23999999999999488,1.2800000000000082,0.5699999999999932,Atr+C Day2_XY0100C1illum.tiff,Atr+C Day2_XY0100C2illum.tiff,Atr+C Day2_XY0100C3illum.tiff,Atr+C Day2_XY0019.tif,19,19,Atr+C Day2,65535,0.01
8.0,0,0.0,1.1900000000000048,0,0.35999999999999943,0.4200000000000017,2.740000000000002,1.25,Atr+C Day2_XY0100C1illum.tiff,Atr+C Day2_XY0100C2illum.tiff,Atr+C Day2_XY0100C3illum.tiff,Atr+C Day2_XY0020.tif,20,20,Atr+C Day2,65535,0.01
4.0,0,0.0,1.9100000000000001,0,0.35999999999999943,0.4099999999999966,2.6899999999999977,0.9799999999999969,Atr+C Day2_XY0100C1illum.tiff,Atr+C Day2_XY0100C2illum.tiff,Atr+C Day2_XY0100C3illum.tiff,Atr+C Day2_XY0021.tif,21,21,Atr+C Day2,65535,0.01
10.0,0,0.0,1.9399999999999977,0,0.35999999999999943,0.4099999999999966,2.739999999999995,1.1899999999999977,Atr+C Day2_XY0100C1illum.tiff,Atr+C Day2_XY0100C2illum.tiff,Atr+C Day2_XY0100C3illum.tiff,Atr+C Day2_XY0022.tif,22,22,Atr+C Day2,65535,0.01
7.0,0,0.0,1.2299999999999969,0,0.3399999999999963,0.4200000000000017,2.6400000000000006,1.1899999999999977,Atr+C Day2_XY0100C1illum.tiff,Atr+C Day2_XY0100C2illum.tiff,Atr+C Day2_XY0100C3illum.tiff,Atr+C Day2_XY0023.tif,23,23,Atr+C Day2,65535,0.01
3.0,0,0.0,1.9500000000000028,0,0.37999999999999545,0.4100000000000037,2.7099999999999937,1.25,Atr+C Day2_XY0100C1illum.tiff,Atr+C Day2_XY0100C2illum.tiff,Atr+C Day2_XY0100C3illum.tiff,Atr+C Day2_XY0024.tif,24,24,Atr+C Day2,65535,0.01
8.0,0,0.0,2.1599999999999966,0,0.3499999999999943,0.4399999999999977,2.700000000000003,1.249999999999993,Atr+C Day2_XY0100C1illum.tiff,Atr+C Day2_XY0100C2illum.tiff,Atr+C Day2_XY0100C3illum.tiff,Atr+C Day2_XY0025.tif,25,25,Atr+C Day2,65535,0.01
2.0,0,0.0,2.1500000000000057,0,0.37000000000000455,0.4299999999999997,2.730000000000004,1.2299999999999969,Atr+C Day2_XY0100C1illum.tiff,Atr+C Day2_XY0100C2illum.tiff,Atr+C Day2_XY0100C3illum.tiff,Atr+C Day2_XY0026.tif,26,26,Atr+C Day2,65535,0.01
14.0,0,0.0,1.5699999999999932,0,0.36999999999999744,0.22000000000000597,1.3000000000000043,0.5899999999999963,Atr+C Day2_XY0100C1illum.tiff,Atr+C Day2_XY0100C2illum.tiff,Atr+C Day2_XY0100C3illum.tiff,Atr+C Day2_XY0027.tif,27,27,Atr+C Day2,65535,0.01
21.0,0,0.0,1.8100000000000023,0,0.3500000000000085,0.4399999999999906,2.710000000000001,1.3299999999999983,Atr+C Day2_XY0100C1illum.tiff,Atr+C Day2_XY0100C2illum.tiff,Atr+C Day2_XY0100C3illum.tiff,Atr+C Day2_XY0028.tif,28,28,Atr+C Day2,65535,0.01
10.0,0,0.0,1.1499999999999915,0,0.4099999999999966,0.4000000000000057,2.6899999999999977,1.3099999999999952,Atr+C Day2_XY0100C1illum.tiff,Atr+C Day2_XY0100C2illum.tiff,Atr+C Day2_XY0100C3illum.tiff,Atr+C Day2_XY0029.tif,29,29,Atr+C Day2,65535,0.01
14.0,0,0.0,2.059999999999995,0,0.6100000000000065,0.759999999999998,3.4099999999999966,1.3400000000000034,Atr+C Day2_XY0100C1illum.tiff,Atr+C Day2_XY0100C2illum.tiff,Atr+C Day2_XY0100C3illum.tiff,Atr+C Day2_XY0030.tif,30,30,Atr+C Day2,65535,0.01
12.0,0,0.0,1.25,0,0.3399999999999963,0.4399999999999977,2.6199999999999974,1.3200000000000003,Atr+C Day2_XY0100C1illum.tiff,Atr+C Day2_XY0100C2illum.tiff,Atr+C Day2_XY0100C3illum.tiff,Atr+C Day2_XY0031.tif,31,31,Atr+C Day2,65535,0.01
15.0,0,0.0,1.1599999999999966,0,0.3499999999999943,0.3900000000000077,2.740000000000002,1.3200000000000003,Atr+C Day2_XY0100C1illum.tiff,Atr+C Day2_XY0100C2illum.tiff,Atr+C Day2_XY0100C3illum.tiff,Atr+C Day2_XY0032.tif,32,32,Atr+C Day2,65535,0.01
16.0,0,0.0,1.7000000000000028,0,0.39000000000000057,0.3900000000000077,2.700000000000003,1.3299999999999912,Atr+C Day2_XY0100C1illum.tiff,Atr+C Day2_XY0100C2illum.tiff,Atr+C Day2_XY0100C3illum.tiff,Atr+C Day2_XY0033.tif,33,33,Atr+C Day2,65535,0.01
14.0,0,0.0,1.1099999999999994,0,0.3900000000000077,0.44000000000000483,2.6700000000000017,1.2299999999999969,Atr+C Day2_XY0100C1illum.tiff,Atr+C Day2_XY0100C2illum.tiff,Atr+C Day2_XY0100C3illum.tiff,Atr+C Day2_XY0034.tif,34,34,Atr+C Day2,65535,0.01
7.0,0,0.0,1.0600000000000023,0,0.21000000000000085,0.240000000000002,1.279999999999994,0.6000000000000085,Atr+C Day2_XY0100C1illum.tiff,Atr+C Day2_XY0100C2illum.tiff,Atr+C Day2_XY0100C3illum.tiff,Atr+C Day2_XY0035.tif,35,35,Atr+C Day2,65535,0.01
9.0,0,0.0,1.3599999999999994,0,0.37999999999999545,0.4199999999999946,2.229999999999997,1.0799999999999983,Atr+C Day2_XY0100C1illum.tiff,Atr+C Day2_XY0100C2illum.tiff,Atr+C Day2_XY0100C3illum.tiff,Atr+C Day2_XY0036.tif,36,36,Atr+C Day2,65535,0.01
1.0,0,0.0,1.3299999999999983,0,0.37999999999999545,0.4300000000000068,2.289999999999999,1.1099999999999994,Atr+C Day2_XY0100C1illum.tiff,Atr+C Day2_XY0100C2illum.tiff,Atr+C Day2_XY0100C3illum.tiff,Atr+C Day2_XY0037.tif,37,37,Atr+C Day2,65535,0.01
7.0,0,0.010000000000005116,1.2199999999999989,0,0.3400000000000034,0.4199999999999946,2.2700000000000102,1.1099999999999994,Atr+C Day2_XY0100C1illum.tiff,Atr+C Day2_XY0100C2illum.tiff,Atr+C Day2_XY0100C3illum.tiff,Atr+C Day2_XY0038.tif,38,38,Atr+C Day2,65535,0.01
9.0,0,0.0,1.2299999999999898,0,0.36000000000000654,0.4099999999999966,2.3000000000000043,1.1000000000000014,Atr+C Day2_XY0100C1illum.tiff,Atr+C Day2_XY0100C2illum.tiff,Atr+C Day2_XY0100C3illum.tiff,Atr+C Day2_XY0039.tif,39,39,Atr+C Day2,65535,0.01
2.0,0,0.0,1.2399999999999949,0,0.3200000000000074,0.36999999999999744,2.289999999999999,1.1199999999999974,Atr+C Day2_XY0100C1illum.tiff,Atr+C Day2_XY0100C2illum.tiff,Atr+C Day2_XY0100C3illum.tiff,Atr+C Day2_XY0040.tif,40,40,Atr+C Day2,65535,0.01
9.0,0,0.0,2.6499999999999986,0,0.4099999999999966,0.5300000000000082,2.020000000000003,0.759999999999998,Atr+C Day2_XY0100C1illum.tiff,Atr+C Day2_XY0100C2illum.tiff,Atr+C Day2_XY0100C3illum.tiff,Atr+C Day2_XY0041.tif,41,41,Atr+C Day2,65535,0.01
13.0,0,0.0,0.9399999999999977,0,0.28000000000000114,0.3999999999999986,2.3000000000000043,0.6799999999999997,Atr+C Day2_XY0100C1illum.tiff,Atr+C Day2_XY0100C2illum.tiff,Atr+C Day2_XY0100C3illum.tiff,Atr+C Day2_XY0042.tif,42,42,Atr+C Day2,65535,0.01
16.0,0,0.0,1.509999999999998,0,0.45000000000000284,0.5500000000000043,2.0,0.759999999999998,Atr+C Day2_XY0100C1illum.tiff,Atr+C Day2_XY0100C2illum.tiff,Atr+C Day2_XY0100C3illum.tiff,Atr+C Day2_XY0043.tif,43,43,Atr+C Day2,65535,0.01
7.0,0,0.0,0.7999999999999972,0,0.2600000000000051,0.36000000000000654,1.7800000000000011,0.8699999999999903,Atr+C Day2_XY0100C1illum.tiff,Atr+C Day2_XY0100C2illum.tiff,Atr+C Day2_XY0100C3illum.tiff,Atr+C Day2_XY0044.tif,44,44,Atr+C Day2,65535,0.01
0.0,0,0.0,0.8700000000000045,0,0.3400000000000034,0.3500000000000085,1.5600000000000023,0.47999999999998977,Atr+C Day2_XY0100C1illum.tiff,Atr+C Day2_XY0100C2illum.tiff,Atr+C Day2_XY0100C3illum.tiff,Atr+C Day2_XY0045.tif,45,45,Atr+C Day2,65535,0.01
9.0,0,0.0,0.8499999999999943,0,0.3400000000000034,0.36999999999999034,1.75,0.8100000000000023,Atr+C Day2_XY0100C1illum.tiff,Atr+C Day2_XY0100C2illum.tiff,Atr+C Day2_XY0100C3illum.tiff,Atr+C Day2_XY0046.tif,46,46,Atr+C Day2,65535,0.01
6.0,0,0.0,0.7700000000000031,0,0.269999999999996,0.35999999999999943,1.7999999999999972,0.8700000000000045,Atr+C Day2_XY0100C1illum.tiff,Atr+C Day2_XY0100C2illum.tiff,Atr+C Day2_XY0100C3illum.tiff,Atr+C Day2_XY0047.tif,47,47,Atr+C Day2,65535,0.01
9.0,0,0.0,0.970000000000006,0,0.36000000000001364,0.3499999999999943,2.010000000000005,0.8599999999999994,Atr+C Day2_XY0100C1illum.tiff,Atr+C Day2_XY0100C2illum.tiff,Atr+C Day2_XY0100C3illum.tiff,Atr+C Day2_XY0048.tif,48,48,Atr+C Day2,65535,0.01
17.0,0,0.0,1.0,0,0.3199999999999932,0.3400000000000034,1.9499999999999957,0.8700000000000045,Atr+C Day2_XY0100C1illum.tiff,Atr+C Day2_XY0100C2illum.tiff,Atr+C Day2_XY0100C3illum.tiff,Atr+C Day2_XY0049.tif,49,49,Atr+C Day2,65535,0.01
11.0,0,0.0,1.0300000000000082,0,0.3500000000000085,0.35999999999999943,1.8800000000000026,0.8599999999999994,Atr+C Day2_XY0100C1illum.tiff,Atr+C Day2_XY0100C2illum.tiff,Atr+C Day2_XY0100C3illum.tiff,Atr+C Day2_XY0050.tif,50,50,Atr+C Day2,65535,0.01
11.0,0,0.0,1.0499999999999972,0,0.3499999999999943,0.3500000000000085,1.8700000000000045,0.8700000000000045,Atr+C Day2_XY0100C1illum.tiff,Atr+C Day2_XY0100C2illum.tiff,Atr+C Day2_XY0100C3illum.tiff,Atr+C Day2_XY0051.tif,51,51,Atr+C Day2,65535,0.01
10.0,0,0.0,1.0499999999999972,0,0.3400000000000034,0.35999999999999943,1.8599999999999994,0.8599999999999994,Atr+C Day2_XY0100C1illum.tiff,Atr+C Day2_XY0100C2illum.tiff,Atr+C Day2_XY0100C3illum.tiff,Atr+C Day2_XY0052.tif,52,52,Atr+C Day2,65535,0.01
12.0,0,0.0,1.0,0,0.3399999999999892,0.3499999999999943,1.8900000000000006,0.8700000000000045,Atr+C Day2_XY0100C1illum.tiff,Atr+C Day2_XY0100C2illum.tiff,Atr+C Day2_XY0100C3illum.tiff,Atr+C Day2_XY0053.tif,53,53,Atr+C Day2,65535,0.01
16.0,0,0.0,0.960000000000008,0,0.2600000000000051,0.36999999999999034,1.8700000000000045,0.7900000000000063,Atr+C Day2_XY0100C1illum.tiff,Atr+C Day2_XY0100C2illum.tiff,Atr+C Day2_XY0100C3illum.tiff,Atr+C Day2_XY0054.tif,54,54,Atr+C Day2,65535,0.01
13.0,0,0.0,1.0400000000000063,0,0.3299999999999983,0.3400000000000034,1.8799999999999955,0.8400000000000034,Atr+C Day2_XY0100C1illum.tiff,Atr+C Day2_XY0100C2illum.tiff,Atr+C Day2_XY0100C3illum.tiff,Atr+C Day2_XY0055.tif,55,55,Atr+C Day2,65535,0.01
1.0,0,0.0,1.0300000000000011,0,0.4200000000000017,0.45000000000000284,2.1199999999999903,0.9100000000000108,Atr+C Day2_XY0100C1illum.tiff,Atr+C Day2_XY0100C2illum.tiff,Atr+C Day2_XY0100C3illum.tiff,Atr+C Day2_XY0056.tif,56,56,Atr+C Day2,65535,0.01
8.0,0,0.0,0.9900000000000091,0,0.3900000000000148,0.4300000000000068,2.0600000000000023,0.8700000000000045,Atr+C Day2_XY0100C1illum.tiff,Atr+C Day2_XY0100C2illum.tiff,Atr+C Day2_XY0100C3illum.tiff,Atr+C Day2_XY0057.tif,57,57,Atr+C Day2,65535,0.01
16.0,0,0.0,1.0700000000000074,0,0.3999999999999915,0.4399999999999977,2.049999999999997,0.8499999999999943,Atr+C Day2_XY0100C1illum.tiff,Atr+C Day2_XY0100C2illum.tiff,Atr+C Day2_XY0100C3illum.tiff,Atr+C Day2_XY0058.tif,58,58,Atr+C Day2,65535,0.01
7.0,0,0.0,1.0700000000000074,0,0.39000000000000057,0.4200000000000017,2.069999999999993,0.9100000000000108,Atr+C Day2_XY0100C1illum.tiff,Atr+C Day2_XY0100C2illum.tiff,Atr+C Day2_XY0100C3illum.tiff,Atr+C Day2_XY0059.tif,59,59,Atr+C Day2,65535,0.01
8.0,0,0.0,0.6900000000000119,0,0.28999999999999204,0.3400000000000034,1.9399999999999977,0.8799999999999955,Atr+C Day2_XY0100C1illum.tiff,Atr+C Day2_XY0100C2illum.tiff,Atr+C Day2_XY0100C3illum.tiff,Atr+C Day2_XY0060.tif,60,60,Atr+C Day2,65535,0.01
9.0,0,0.0,0.8200000000000074,0,0.29999999999999716,0.3499999999999943,1.8800000000000097,0.8299999999999983,Atr+C Day2_XY0100C1illum.tiff,Atr+C Day2_XY0100C2illum.tiff,Atr+C Day2_XY0100C3illum.tiff,Atr+C Day2_XY0061.tif,61,61,Atr+C Day2,65535,0.01
8.0,0,0.0,0.8199999999999932,0,0.3100000000000165,0.37000000000000455,1.9200000000000017,0.8199999999999932,Atr+C Day2_XY0100C1illum.tiff,Atr+C Day2_XY0100C2illum.tiff,Atr+C Day2_XY0100C3illum.tiff,Atr+C Day2_XY0062.tif,62,62,Atr+C Day2,65535,0.01
7.0,0,0.0,0.8199999999999932,0,0.3199999999999932,0.36999999999999034,1.9099999999999966,0.8500000000000085,Atr+C Day2_XY0100C1illum.tiff,Atr+C Day2_XY0100C2illum.tiff,Atr+C Day2_XY0100C3illum.tiff,Atr+C Day2_XY0063.tif,63,63,Atr+C Day2,65535,0.01
12.0,0,0.0,1.1200000000000045,0,0.3499999999999943,0.4200000000000017,1.9000000000000057,0.9499999999999886,Atr+C Day2_XY0100C1illum.tiff,Atr+C Day2_XY0100C2illum.tiff,Atr+C Day2_XY0100C3illum.tiff,Atr+C Day2_XY0064.tif,64,64,Atr+C Day2,65535,0.01
3.0,0,0.0,1.2999999999999972,0,0.6899999999999977,0.6700000000000017,1.8499999999999943,0.9799999999999898,Atr+C Day2_XY0100C1illum.tiff,Atr+C Day2_XY0100C2illum.tiff,Atr+C Day2_XY0100C3illum.tiff,Atr+C Day2_XY0065.tif,65,65,Atr+C Day2,65535,0.01
5.0,0,0.0,1.059999999999988,0,0.3499999999999943,0.37999999999999545,1.9099999999999966,0.9699999999999989,Atr+C Day2_XY0100C1illum.tiff,Atr+C Day2_XY0100C2illum.tiff,Atr+C Day2_XY0100C3illum.tiff,Atr+C Day2_XY0066.tif,66,66,Atr+C Day2,65535,0.01
12.0,0,0.0,1.0499999999999972,0,0.3300000000000125,0.39000000000000057,1.9599999999999937,0.9099999999999966,Atr+C Day2_XY0100C1illum.tiff,Atr+C Day2_XY0100C2illum.tiff,Atr+C Day2_XY0100C3illum.tiff,Atr+C Day2_XY0067.tif,67,67,Atr+C Day2,65535,0.01
15.0,0,0.0,1.2099999999999937,0,0.3999999999999915,0.4000000000000057,1.8799999999999955,0.9100000000000108,Atr+C Day2_XY0100C1illum.tiff,Atr+C Day2_XY0100C2illum.tiff,Atr+C Day2_XY0100C3illum.tiff,Atr+C Day2_XY0068.tif,68,68,Atr+C Day2,65535,0.01
17.0,0,0.0,1.1799999999999926,0,0.39000000000000057,0.3999999999999915,1.8899999999999864,0.9100000000000108,Atr+C Day2_XY0100C1illum.tiff,Atr+C Day2_XY0100C2illum.tiff,Atr+C Day2_XY0100C3illum.tiff,Atr+C Day2_XY0069.tif,69,69,Atr+C Day2,65535,0.01
0.0,0,0.0,1.1700000000000017,0,0.35999999999999943,0.4000000000000057,1.720000000000013,0.4899999999999807,Atr+C Day2_XY0100C1illum.tiff,Atr+C Day2_XY0100C2illum.tiff,Atr+C Day2_XY0100C3illum.tiff,Atr+C Day2_XY0070.tif,70,70,Atr+C Day2,65535,0.01
20.0,0,0.0,1.2300000000000182,0,0.38999999999998636,0.4000000000000057,1.9099999999999966,0.9100000000000108,Atr+C Day2_XY0100C1illum.tiff,Atr+C Day2_XY0100C2illum.tiff,Atr+C Day2_XY0100C3illum.tiff,Atr+C Day2_XY0071.tif,71,71,Atr+C Day2,65535,0.01
15.0,0,0.0,1.1500000000000057,0,0.37999999999999545,0.4000000000000057,1.970000000000013,0.769999999999996,Atr+C Day2_XY0100C1illum.tiff,Atr+C Day2_XY0100C2illum.tiff,Atr+C Day2_XY0100C3illum.tiff,Atr+C Day2_XY0072.tif,72,72,Atr+C Day2,65535,0.01
10.0,0,0.0,1.1599999999999966,0,0.4000000000000057,0.3999999999999915,1.8800000000000097,0.8199999999999932,Atr+C Day2_XY0100C1illum.tiff,Atr+C Day2_XY0100C2illum.tiff,Atr+C Day2_XY0100C3illum.tiff,Atr+C Day2_XY0073.tif,73,73,Atr+C Day2,65535,0.01
3.0,0,0.0,1.0700000000000074,0,0.35999999999999943,0.37999999999999545,1.980000000000004,0.9000000000000057,Atr+C Day2_XY0100C1illum.tiff,Atr+C Day2_XY0100C2illum.tiff,Atr+C Day2_XY0100C3illum.tiff,Atr+C Day2_XY0074.tif,74,74,Atr+C Day2,65535,0.01
6.0,0,0.0,1.1200000000000045,0,0.3400000000000034,0.37000000000000455,1.9299999999999926,0.9099999999999966,Atr+C Day2_XY0100C1illum.tiff,Atr+C Day2_XY0100C2illum.tiff,Atr+C Day2_XY0100C3illum.tiff,Atr+C Day2_XY0075.tif,75,75,Atr+C Day2,65535,0.01
8.0,0,0.0,0.8699999999999903,0,0.28999999999999204,0.3499999999999943,2.0700000000000216,0.9099999999999966,Atr+C Day2_XY0100C1illum.tiff,Atr+C Day2_XY0100C2illum.tiff,Atr+C Day2_XY0100C3illum.tiff,Atr+C Day2_XY0076.tif,76,76,Atr+C Day2,65535,0.01
8.0,0,0.0,0.8600000000000136,0,0.29999999999999716,0.3500000000000085,2.0500000000000114,0.9200000000000017,Atr+C Day2_XY0100C1illum.tiff,Atr+C Day2_XY0100C2illum.tiff,Atr+C Day2_XY0100C3illum.tiff,Atr+C Day2_XY0077.tif,77,77,Atr+C Day2,65535,0.01
10.0,0,0.0,0.8599999999999994,0,0.3100000000000023,0.37000000000000455,1.9799999999999898,0.8800000000000097,Atr+C Day2_XY0100C1illum.tiff,Atr+C Day2_XY0100C2illum.tiff,Atr+C Day2_XY0100C3illum.tiff,Atr+C Day2_XY0078.tif,78,78,Atr+C Day2,65535,0.01
8.0,0,0.0,0.9000000000000057,0,0.3199999999999932,0.3500000000000085,1.8999999999999915,0.8800000000000097,Atr+C Day2_XY0100C1illum.tiff,Atr+C Day2_XY0100C2illum.tiff,Atr+C Day2_XY0100C3illum.tiff,Atr+C Day2_XY0079.tif,79,79,Atr+C Day2,65535,0.01
2.0,0,0.0,1.1899999999999977,0,0.4000000000000057,0.44999999999998863,1.990000000000009,0.9899999999999949,Atr+C Day2_XY0100C1illum.tiff,Atr+C Day2_XY0100C2illum.tiff,Atr+C Day2_XY0100C3illum.tiff,Atr+C Day2_XY0080.tif,80,80,Atr+C Day2,65535,0.01
8.0,0,0.0,1.009999999999991,0,0.4099999999999966,0.4399999999999977,1.970000000000013,0.9699999999999989,Atr+C Day2_XY0100C1illum.tiff,Atr+C Day2_XY0100C2illum.tiff,Atr+C Day2_XY0100C3illum.tiff,Atr+C Day2_XY0081.tif,81,81,Atr+C Day2,65535,0.01
4.0,0,0.0,1.0300000000000153,0,0.4200000000000017,0.44000000000001194,1.9899999999999949,0.9900000000000091,Atr+C Day2_XY0100C1illum.tiff,Atr+C Day2_XY0100C2illum.tiff,Atr+C Day2_XY0100C3illum.tiff,Atr+C Day2_XY0082.tif,82,82,Atr+C Day2,65535,0.01
2.0,0,0.0,1.0499999999999972,0,0.4199999999999875,0.4399999999999835,1.980000000000004,0.9899999999999949,Atr+C Day2_XY0100C1illum.tiff,Atr+C Day2_XY0100C2illum.tiff,Atr+C Day2_XY0100C3illum.tiff,Atr+C Day2_XY0083.tif,83,83,Atr+C Day2,65535,0.01
12.0,0,0.0,1.8100000000000023,0,0.5600000000000023,0.4399999999999977,1.9699999999999847,0.8100000000000023,Atr+C Day2_XY0100C1illum.tiff,Atr+C Day2_XY0100C2illum.tiff,Atr+C Day2_XY0100C3illum.tiff,Atr+C Day2_XY0084.tif,84,84,Atr+C Day2,65535,0.01
8.0,0,0.0,1.7499999999999858,0,0.5799999999999983,0.45000000000000284,2.039999999999992,0.8400000000000034,Atr+C Day2_XY0100C1illum.tiff,Atr+C Day2_XY0100C2illum.tiff,Atr+C Day2_XY0100C3illum.tiff,Atr+C Day2_XY0085.tif,85,85,Atr+C Day2,65535,0.01
8.0,0,0.0,1.2699999999999818,0,0.6700000000000017,0.7200000000000131,2.030000000000001,0.8599999999999994,Atr+C Day2_XY0100C1illum.tiff,Atr+C Day2_XY0100C2illum.tiff,Atr+C Day2_XY0100C3illum.tiff,Atr+C Day2_XY0086.tif,86,86,Atr+C Day2,65535,0.01
4.0,0,0.0,2.010000000000005,0,0.6199999999999903,0.4299999999999926,2.0400000000000063,0.8499999999999943,Atr+C Day2_XY0100C1illum.tiff,Atr+C Day2_XY0100C2illum.tiff,Atr+C Day2_XY0100C3illum.tiff,Atr+C Day2_XY0087.tif,87,87,Atr+C Day2,65535,0.01
6.0,0,0.0,1.3299999999999983,0,0.3599999999999852,0.3999999999999915,1.740000000000009,0.9499999999999886,Atr+C Day2_XY0100C1illum.tiff,Atr+C Day2_XY0100C2illum.tiff,Atr+C Day2_XY0100C3illum.tiff,Atr+C Day2_XY0088.tif,88,88,Atr+C Day2,65535,0.01
9.0,0,0.0,1.8599999999999852,0,0.6599999999999966,0.46000000000000796,1.7099999999999937,0.9100000000000108,Atr+C Day2_XY0100C1illum.tiff,Atr+C Day2_XY0100C2illum.tiff,Atr+C Day2_XY0100C3illum.tiff,Atr+C Day2_XY0089.tif,89,89,Atr+C Day2,65535,0.01
14.0,0,0.0,1.5200000000000102,0,0.3400000000000034,0.3200000000000074,1.8000000000000114,0.8299999999999983,Atr+C Day2_XY0100C1illum.tiff,Atr+C Day2_XY0100C2illum.tiff,Atr+C Day2_XY0100C3illum.tiff,Atr+C Day2_XY0090.tif,90,90,Atr+C Day2,65535,0.01
15.0,0,0.0,1.4899999999999949,0,0.4200000000000017,0.2400000000000091,1.7800000000000011,0.7999999999999972,Atr+C Day2_XY0100C1illum.tiff,Atr+C Day2_XY0100C2illum.tiff,Atr+C Day2_XY0100C3illum.tiff,Atr+C Day2_XY0091.tif,91,91,Atr+C Day2,65535,0.01
6.0,0,0.0,0.8900000000000006,0,0.35999999999999943,0.4200000000000017,2.549999999999997,0.7999999999999972,Atr+C Day2_XY0100C1illum.tiff,Atr+C Day2_XY0100C2illum.tiff,Atr+C Day2_XY0100C3illum.tiff,Atr+C Day2_XY0092.tif,92,92,Atr+C Day2,65535,0.01
0.0,0,0.0,1.029999999999987,0,0.4300000000000068,0.3999999999999915,2.1899999999999977,0.5299999999999869,Atr+C Day2_XY0100C1illum.tiff,Atr+C Day2_XY0100C2illum.tiff,Atr+C Day2_XY0100C3illum.tiff,Atr+C Day2_XY0093.tif,93,93,Atr+C Day2,65535,0.01
8.0,0,0.0,1.1300000000000097,0,0.37000000000000455,0.4299999999999926,2.539999999999992,0.8200000000000074,Atr+C Day2_XY0100C1illum.tiff,Atr+C Day2_XY0100C2illum.tiff,Atr+C Day2_XY0100C3illum.tiff,Atr+C Day2_XY0094.tif,94,94,Atr+C Day2,65535,0.01
16.0,0,0.0,1.1200000000000045,0,0.38000000000000966,0.4399999999999977,2.5,0.8000000000000114,Atr+C Day2_XY0100C1illum.tiff,Atr+C Day2_XY0100C2illum.tiff,Atr+C Day2_XY0100C3illum.tiff,Atr+C Day2_XY0095.tif,95,95,Atr+C Day2,65535,0.01
3.0,0,0.0,1.0499999999999972,0,0.37000000000000455,0.45999999999999375,1.7299999999999898,0.710000000000008,Atr+C Day2_XY0100C1illum.tiff,Atr+C Day2_XY0100C2illum.tiff,Atr+C Day2_XY0100C3illum.tiff,Atr+C Day2_XY0096.tif,96,96,Atr+C Day2,65535,0.01
6.0,0,0.0,0.7900000000000063,0,0.29999999999999716,0.4399999999999977,1.7399999999999949,0.7299999999999898,Atr+C Day2_XY0100C1illum.tiff,Atr+C Day2_XY0100C2illum.tiff,Atr+C Day2_XY0100C3illum.tiff,Atr+C Day2_XY0097.tif,97,97,Atr+C Day2,65535,0.01
10.0,0,0.0,1.0300000000000011,0,0.44999999999998863,0.4100000000000108,2.269999999999996,0.7299999999999898,Atr+C Day2_XY0100C1illum.tiff,Atr+C Day2_XY0100C2illum.tiff,Atr+C Day2_XY0100C3illum.tiff,Atr+C Day2_XY0098.tif,98,98,Atr+C Day2,65535,0.01
6.0,0,0.0,0.9099999999999966,0,0.28000000000000114,0.4199999999999875,2.239999999999995,0.75,Atr+C Day2_XY0100C1illum.tiff,Atr+C Day2_XY0100C2illum.tiff,Atr+C Day2_XY0100C3illum.tiff,Atr+C Day2_XY0099.tif,99,99,Atr+C Day2,65535,0.01
8.0,0,0.0,0.9099999999999966,0,0.3299999999999983,0.37999999999999545,2.1300000000000097,0.7199999999999989,Atr+C Day2_XY0100C1illum.tiff,Atr+C Day2_XY0100C2illum.tiff,Atr+C Day2_XY0100C3illum.tiff,Atr+C Day2_XY0100.tif,100,100,Atr+C Day2,65535,0.01
