ImageNumber,ObjectNumber,Class,Cells_Number_Object_Number,Cells_Children_Cytoplasm_Count,Cells_Location_Center_X,Cells_Location_Center_Y,Cells_Location_Center_Z,Cells_Parent_Nuclei,Cytoplasm_Number_Object_Number,Cytoplasm_Correlation_Correlation_rawGFP_rawDNA,Cytoplasm_Correlation_Costes_rawDNA_rawGFP,Cytoplasm_Correlation_Costes_rawGFP_rawDNA,Cytoplasm_Correlation_K_rawDNA_rawGFP,Cytoplasm_Correlation_K_rawGFP_rawDNA,Cytoplasm_Correlation_Manders_rawDNA_rawGFP,Cytoplasm_Correlation_Manders_rawGFP_rawDNA,Cytoplasm_Correlation_Overlap_rawGFP_rawDNA,Cytoplasm_Correlation_RWC_rawDNA_rawGFP,Cytoplasm_Correlation_RWC_rawGFP_rawDNA,Cytoplasm_Intensity_IntegratedIntensityEdge_rawGFP,Cytoplasm_Intensity_IntegratedIntensity_rawGFP,Cytoplasm_Intensity_LowerQuartileIntensity_rawGFP,Cytoplasm_Intensity_MADIntensity_rawGFP,Cytoplasm_Intensity_MassDisplacement_rawGFP,Cytoplasm_Intensity_MaxIntensityEdge_rawGFP,Cytoplasm_Intensity_MaxIntensity_rawGFP,Cytoplasm_Intensity_MeanIntensityEdge_rawGFP,Cytoplasm_Intensity_MeanIntensity_rawGFP,Cytoplasm_Intensity_MedianIntensity_rawGFP,Cytoplasm_Intensity_MinIntensityEdge_rawGFP,Cytoplasm_Intensity_MinIntensity_rawGFP,Cytoplasm_Intensity_StdIntensityEdge_rawGFP,Cytoplasm_Intensity_StdIntensity_rawGFP,Cytoplasm_Intensity_UpperQuartileIntensity_rawGFP,Cytoplasm_Location_CenterMassIntensity_X_rawGFP,Cytoplasm_Location_CenterMassIntensity_Y_rawGFP,Cytoplasm_Location_CenterMassIntensity_Z_rawGFP,Cytoplasm_Location_Center_X,Cytoplasm_Location_Center_Y,Cytoplasm_Location_MaxIntensity_X_rawGFP,Cytoplasm_Location_MaxIntensity_Y_rawGFP,Cytoplasm_Location_MaxIntensity_Z_rawGFP,Cytoplasm_Math_IntensityRatio,Cytoplasm_Parent_Cells,Cytoplasm_Parent_Nuclei,Nuclei_Number_Object_Number,Nuclei_Children_Cells_Count,Nuclei_Children_Cytoplasm_Count,Nuclei_Correlation_Correlation_rawGFP_rawDNA,Nuclei_Correlation_Costes_rawDNA_rawGFP,Nuclei_Correlation_Costes_rawGFP_rawDNA,Nuclei_Correlation_K_rawDNA_rawGFP,Nuclei_Correlation_K_rawGFP_rawDNA,Nuclei_Correlation_Manders_rawDNA_rawGFP,Nuclei_Correlation_Manders_rawGFP_rawDNA,Nuclei_Correlation_Overlap_rawGFP_rawDNA,Nuclei_Correlation_RWC_rawDNA_rawGFP,Nuclei_Correlation_RWC_rawGFP_rawDNA,Nuclei_Intensity_IntegratedIntensityEdge_rawGFP,Nuclei_Intensity_IntegratedIntensity_rawGFP,Nuclei_Intensity_LowerQuartileIntensity_rawGFP,Nuclei_Intensity_MADIntensity_rawGFP,Nuclei_Intensity_MassDisplacement_rawGFP,Nuclei_Intensity_MaxIntensityEdge_rawGFP,Nuclei_Intensity_MaxIntensity_rawGFP,Nuclei_Intensity_MeanIntensityEdge_rawGFP,Nuclei_Intensity_MeanIntensity_rawGFP,Nuclei_Intensity_MedianIntensity_rawGFP,Nuclei_Intensity_MinIntensityEdge_rawGFP,Nuclei_Intensity_MinIntensity_rawGFP,Nuclei_Intensity_StdIntensityEdge_rawGFP,Nuclei_Intensity_StdIntensity_rawGFP,Nuclei_Intensity_UpperQuartileIntensity_rawGFP,Nuclei_Location_CenterMassIntensity_X_rawGFP,Nuclei_Location_CenterMassIntensity_Y_rawGFP,Nuclei_Location_CenterMassIntensity_Z_rawGFP,Nuclei_Location_Center_X,Nuclei_Location_Center_Y,Nuclei_Location_Center_Z,Nuclei_Location_MaxIntensity_X_rawGFP,Nuclei_Location_MaxIntensity_Y_rawGFP,Nuclei_Location_MaxIntensity_Z_rawGFP,Nuclei_Math_IntensityRatio
21,114,positive,114.0,1.0,163.197553517,429.351681957,0.0,114.0,114.0,0.716471006292,1.0,0.926694498813,0.205523687735,4.18116551792,0.921320042989,0.461896322245,0.926999760666,0.695481074082,0.360011975562,7.59215710312,31.9372559963,0.0117647061124,0.00392156932503,1.23124641476,0.149019613862,0.149019613862,0.0254770372588,0.0215501052606,0.0156862754375,0.0117647061124,0.00784313771874,0.0253724975422,0.0145269180252,0.0235294122249,164.183693515,428.535977417,0.0,163.746288799,429.686909582,150.0,423.0,0.0,5.57518962684,114.0,114.0,114.0,1.0,1.0,0.819862995778,1.0,1.0,0.181112481301,5.27262461364,0.984388988175,0.99755538581,0.977209356662,0.367350013081,0.394328854303,2.61176479235,25.8313735109,0.0862745121121,0.0196078419685,0.812920416112,0.133333340287,0.176470592618,0.0522352958471,0.120145923306,0.141176477075,0.0156862754375,0.0156862754375,0.0294868596856,0.0476747237733,0.156862750649,157.071959919,426.182936085,0.0,157.88372093,426.139534884,0.0,152.0,424.0,0.0,5.57518962684
15,114,positive,114.0,1.0,502.293209877,461.229423868,0.0,114.0,114.0,0.911029272563,0.995906573585,0.969789740989,2.02070393643,0.449700006754,0.913246418881,0.949545596912,0.953263118904,0.739910125945,0.746685360126,22.9921576725,67.8901980799,0.0196078438312,0.0156862735748,9.48271979778,0.556862771511,0.556862771511,0.145519985269,0.0796833310797,0.0313725508749,0.00784313771874,0.00784313771874,0.178649355006,0.112170966865,0.0862745121121,498.707717194,454.566543447,0.0,502.910798122,463.066901408,498.0,441.0,0.0,6.17752802102,114.0,114.0,114.0,1.0,1.0,0.695438591356,1.0,1.0,1.62602529723,0.591037433891,1.0,1.0,0.980327404041,0.758079699865,0.741808149472,14.8039219901,86.6352978572,0.498039215803,0.00784313678741,0.458788336696,0.556862771511,0.572549045086,0.352474333098,0.492246010552,0.549019634724,0.121568627656,0.121568627656,0.15615199585,0.120494336792,0.556862771511,497.45102299,448.089127289,0.0,497.880681818,448.25,0.0,502.0,449.0,0.0,6.17752802102
23,112,positive,112.0,1.0,393.904473086,248.503411676,0.0,112.0,112.0,0.859510362448,1.0,0.962772737105,1.27304977321,0.680956683596,0.993612128354,0.736187781606,0.931070218414,0.87879750779,0.624700646137,27.3960791286,104.60392434,0.0392156876624,0.0313725508749,1.10044455009,0.392156869173,0.392156869173,0.129226788342,0.0982196472673,0.0666666701436,0.0117647061124,0.00784313771874,0.133328311273,0.0939449437059,0.109803922474,393.015033361,248.672227625,0.0,393.812206573,247.913615023,400.0,259.0,0.0,3.5518353685,112.0,112.0,112.0,1.0,1.0,0.467645570299,1.0,1.0,0.746953711461,1.24616571381,1.0,1.0,0.96479433302,0.874232054031,0.882996586494,20.6862750202,120.007845864,0.360784322023,0.0,0.228607019382,0.364705890417,0.392156869173,0.291355986201,0.348860017046,0.364705890417,0.133333340287,0.133333340287,0.0894095237555,0.0504468165382,0.364705890417,394.02293968,250.913175608,0.0,394.25,250.886627907,0.0,400.0,253.0,0.0,3.5518353685
21,131,positive,131.0,1.0,169.466935484,475.579032258,0.0,131.0,131.0,0.903056119846,1.0,0.988807309536,1.40920847805,0.626189807015,0.968366813951,0.885038795529,0.939378509929,0.834967569186,0.730881862698,20.4078439707,120.176474828,0.0274509806186,0.0352941192687,5.71352269505,0.517647087574,0.517647087574,0.128351219941,0.101930852272,0.0666666701436,0.0117647061124,0.00784313771874,0.168244552948,0.130056549492,0.0980392172933,173.196867319,479.581432598,0.0,169.301102629,475.402035623,170.0,474.0,0.0,4.48948387226,131.0,131.0,131.0,1.0,1.0,0.614183847081,1.0,1.0,1.32940388205,0.720346032156,1.0,1.0,0.978586128843,0.832106526798,0.81573123623,13.0588242263,47.5921594054,0.509803950787,0.0,0.480697108128,0.517647087574,0.517647087574,0.384083065478,0.457616917359,0.51372551918,0.1254902035,0.1254902035,0.170799416259,0.120569635565,0.51372551918,172.267798277,479.206410677,0.0,172.701923077,479.0,0.0,172.0,481.0,0.0,4.48948387226
8,86,positive,86.0,1.0,288.617771509,253.898448519,0.0,86.0,86.0,0.844138969951,1.0,0.983909499469,1.72496736298,0.471809706047,0.875042273032,0.973450443728,0.902139869681,0.707971881061,0.732932767746,20.3803924099,55.8117656065,0.0235294122249,0.0156862754375,7.15467301793,0.498039215803,0.498039215803,0.142520226642,0.0901644032415,0.0392156876624,0.0117647061124,0.00784313771874,0.174142886062,0.134020526258,0.0627451017499,285.201377222,258.70699826,0.0,289.124394184,252.723747981,280.0,257.0,0.0,5.10577604493,86.0,86.0,86.0,1.0,1.0,0.495506267026,1.0,1.0,1.64582173832,0.593678592654,1.0,1.0,0.988478190635,0.771014587827,0.761283533194,15.5411766246,65.8313727751,0.490196079016,0.0,0.246276654739,0.498039215803,0.498039215803,0.388529415615,0.460359250176,0.490196079016,0.101960785687,0.101960785687,0.119609086334,0.0789139596053,0.494117647409,284.863048796,262.088461307,0.0,285.104895105,262.041958042,0.0,280.0,257.0,0.0,5.10577604493
21,70,positive,70.0,1.0,413.910187668,277.98458445,0.0,70.0,70.0,0.499835314855,1.0,0.984910836731,0.2811434204,2.36914662314,0.748257840242,0.543693408413,0.816131107764,0.646167535189,0.493118925922,6.8352943277,28.5882362463,0.0117647061124,0.00392156932503,1.79974391528,0.129411771894,0.129411771894,0.0253159049174,0.0216906193067,0.0156862754375,0.0117647061124,0.00784313771874,0.0246812794583,0.0153403744554,0.0235294122249,416.536488347,279.682716059,0.0,415.026555387,278.703338392,398.0,277.0,0.0,6.01664075057,70.0,70.0,70.0,1.0,1.0,0.862435768276,1.0,1.0,0.381166231964,2.5219767659,0.94445199552,1.0,0.980455190694,0.71767165437,0.766757558634,2.20392163098,31.8431380223,0.0627451017499,0.0392156839371,0.489141890595,0.1254902035,0.223529413342,0.044977992469,0.130504664026,0.160784319043,0.0196078438312,0.0196078438312,0.0232894540528,0.0628389744234,0.184313729405,405.035714292,272.73312808,0.0,405.508196721,272.606557377,0.0,401.0,276.0,0.0,6.01664075057
19,47,positive,47.0,1.0,225.58493353,192.113737075,0.0,47.0,47.0,0.894274047025,1.0,0.942119127643,2.34472680791,0.381651457639,0.683662398945,0.963986494861,0.945974843218,0.586269705077,0.805413005124,12.54902001,53.5921585616,0.0156862754375,0.00784313771874,1.70558562773,0.349019616842,0.349019616842,0.0674678495164,0.0436773908407,0.0196078438312,0.0117647061124,0.00784313771874,0.107398214438,0.0625291663411,0.0352941192687,226.82555245,191.617956979,0.0,225.202933985,192.143439283,228.0,198.0,0.0,7.11845157161,47.0,47.0,47.0,1.0,1.0,0.700639573635,1.0,1.0,2.45511818055,0.400450456963,1.0,1.0,0.991540819785,0.772684414627,0.768008903367,10.6980395764,58.1411782056,0.286274522543,0.0352941155434,0.239727227695,0.329411774874,0.407843142748,0.2431372631,0.310915391474,0.321568638086,0.156862750649,0.156862750649,0.0516952523006,0.0558803602205,0.352941185236,229.08478348,191.917374869,0.0,229.288770053,191.79144385,0.0,229.0,192.0,0.0,7.11845157161
9,97,positive,97.0,1.0,456.321715818,351.060768543,0.0,97.0,97.0,0.899531583805,0.999736703521,0.991799585354,0.699097744566,1.28035586751,0.881359601467,0.816189324404,0.9460940224,0.768126094651,0.727521025953,13.666667006,43.5176483174,0.0117647061124,0.0117647061124,5.55510277473,0.337254911661,0.337254911661,0.0818363293771,0.0453781525729,0.0235294122249,0.00784313771874,0.00392156885937,0.0941397113207,0.0582506838534,0.0509803928435,451.573217975,349.529692744,0.0,456.455683003,352.179353493,448.0,352.0,0.0,5.54375135262,97.0,97.0,97.0,1.0,1.0,0.714420020076,1.0,1.0,0.621834045336,1.57050406931,1.0,1.0,0.988227149312,0.88632645037,0.892834504086,10.086274758,57.3568643928,0.223529413342,0.0313725471497,0.613467590477,0.337254911661,0.364705890417,0.20172549516,0.251565194705,0.250980407,0.0666666701436,0.0666666701436,0.0665981673191,0.0539545101047,0.286274522543,454.936277847,344.613086294,0.0,455.504385965,344.381578947,0.0,450.0,350.0,0.0,5.54375135262
2,28,positive,28.0,1.0,555.317851959,124.046444122,0.0,28.0,28.0,0.946638219362,1.0,0.998511261574,1.79902291714,0.534049992139,0.838251742463,0.995055975428,0.980187826265,0.683732299556,0.795401022827,26.9960790221,81.6588255437,0.0470588244498,0.0470588244498,6.27358267872,0.533333361149,0.533333361149,0.191461553348,0.155244915482,0.0784313753247,0.00784313771874,0.00784313771874,0.167344349057,0.141860663204,0.298039227724,551.832204793,127.420496539,0.0,555.979087452,122.712927757,557.0,120.0,0.0,2.70825119329,28.0,28.0,28.0,1.0,1.0,0.363031235007,1.0,1.0,1.62829116035,0.59497374818,1.0,1.0,0.984271555415,0.791379262801,0.781055508893,19.9647063017,98.8039234877,0.384313732386,0.0392156839371,0.0687351177372,0.501960813999,0.552941203117,0.37669257173,0.420442227607,0.419607847929,0.270588248968,0.270588248968,0.0462466284055,0.0596566591205,0.463725492358,553.227664226,128.220480231,0.0,553.204255319,128.285106383,0.0,551.0,126.0,0.0,2.70825119329
15,110,positive,110.0,1.0,627.622107969,427.755784062,0.0,110.0,110.0,0.938253696042,1.0,0.998323888568,3.44660322964,0.272258642981,0.86657303296,0.991437954311,0.968693717433,0.508917873568,0.541698490603,27.2039222401,49.1333345529,0.0666666701436,0.0313725471497,5.17539112325,0.86274510622,0.86274510622,0.295694806957,0.164876961587,0.0862745121121,0.0274509806186,0.0235294122249,0.254620519843,0.187367012635,0.156862750649,624.367946391,426.657674205,0.0,629.275167785,428.302013423,620.0,422.0,0.0,4.30915897464,110.0,110.0,110.0,1.0,1.0,0.787715317284,1.0,1.0,3.10988965799,0.31170578434,1.0,1.0,0.984566196381,0.426719645249,0.412372375372,19.5490200669,98.7568643838,0.601960808039,0.127450972795,0.488221730062,0.86274510622,0.984313726425,0.501256924791,0.710481038732,0.758823543787,0.172549024224,0.172549024224,0.180481482927,0.194098581453,0.870588243008,621.679347198,425.933169198,0.0,622.165467626,425.978417266,0.0,619.0,429.0,0.0,4.30915897464
9,161,positive,161.0,1.0,298.510098395,544.738995339,0.0,161.0,161.0,0.905391200437,0.999598454036,0.962304976012,0.598001563254,1.51449271096,0.997911902151,0.55108836855,0.951666437723,0.850370502034,0.486735040223,12.3098042263,68.8705902202,0.0117647061124,0.0156862745062,5.43224371608,0.239215686917,0.239215686917,0.0539903694135,0.0390644300739,0.0235294122249,0.00784313771874,0.00392156885937,0.0693789906366,0.0398283183118,0.0509803928435,293.720589939,544.410830208,0.0,299.10720363,545.113442995,294.0,534.0,0.0,5.01565710614,161.0,161.0,161.0,1.0,1.0,0.632494190585,1.0,1.0,0.481877042788,2.009249125,1.0,1.0,0.983977147387,0.825165365927,0.837820759853,8.32941194624,47.8078438565,0.180392161012,0.0156862735748,0.265538930215,0.23137255013,0.258823543787,0.160180998966,0.195933786297,0.203921571374,0.0862745121121,0.0862745121121,0.043826824935,0.0357313071347,0.219607844949,292.126486758,540.56131573,0.0,292.331967213,540.729508197,0.0,299.0,534.0,0.0,5.01565710614
8,138,positive,138.0,1.0,408.250965251,537.627413127,0.0,138.0,138.0,0.855709000791,1.0,0.892449516548,2.03397652588,0.395111484056,0.72842795732,0.984269948179,0.896463877507,0.57665737154,0.720734749781,18.3764712112,53.6000016723,0.0117647061124,0.00784313771874,5.73168595218,0.596078455448,0.596078455448,0.104411768245,0.0576964495934,0.0196078438312,0.0117647061124,0.00784313771874,0.166390479587,0.101199107696,0.0588235296309,403.304799533,538.405326313,0.0,408.935414424,537.333692142,400.0,546.0,0.0,8.20947060348,138.0,138.0,138.0,1.0,1.0,0.594672202964,1.0,1.0,1.91183722599,0.496692988152,0.997317436721,1.0,0.974472239027,0.715660902435,0.69499090871,14.6117651537,76.2588264048,0.439215689898,0.0392156839371,0.500621718231,0.568627476692,0.600000023842,0.356384515944,0.473657306862,0.529411792755,0.0823529437184,0.0823529437184,0.163499483208,0.134645556951,0.564705908298,401.907333117,540.4310398,0.0,402.329192547,540.161490683,0.0,400.0,534.0,0.0,8.20947060348
17,37,positive,37.0,1.0,268.870333988,153.748526523,0.0,37.0,37.0,0.898646283997,1.0,0.998000199968,2.08834271719,0.433216182047,0.76470588368,0.990319061727,0.9511592184,0.637053891654,0.793654364528,15.1411769474,39.2196090035,0.0352941192687,0.0117647051811,3.05890861789,0.372549027205,0.372549027205,0.126176474562,0.0922814329494,0.0431372560561,0.0117647061124,0.0117647061124,0.116208708369,0.0956067959554,0.107843138278,266.416358365,154.418158186,0.0,269.247058824,153.258823529,262.0,156.0,0.0,3.47902708976,37.0,37.0,37.0,1.0,1.0,0.666543448782,1.0,1.0,2.06666048296,0.475135099807,1.0,1.0,0.990930338036,0.782864925669,0.776515725545,9.88235324621,43.6627462953,0.301960796118,0.0235294103622,0.382488052201,0.364705890417,0.372549027205,0.267090628276,0.321049605113,0.341176480055,0.133333340287,0.133333340287,0.0756902238317,0.0586074639713,0.364705890417,266.563948272,156.113256695,0.0,266.941176471,156.176470588,0.0,262.0,152.0,0.0,3.47902708976
25,57,positive,57.0,1.0,259.173699706,128.263002944,0.0,57.0,57.0,0.882849052517,1.0,0.995282455376,1.55500971238,0.546176588243,0.911186059399,0.979502195984,0.921580110132,0.763306957456,0.776148426795,21.596078733,65.6705895402,0.0196078438312,0.0117647070438,5.79112887216,0.490196079016,0.490196079016,0.131683406908,0.0737871792586,0.0313725508749,0.0156862754375,0.0117647061124,0.171693668652,0.11323959629,0.0549019612372,257.444762955,123.678191838,0.0,259.368539326,129.140449438,259.0,117.0,0.0,6.00210602852,57.0,57.0,57.0,1.0,1.0,0.514827755176,1.0,1.0,1.22016658756,0.776321104406,1.0,1.0,0.973263105648,0.861997001947,0.840717837939,16.3764707595,87.2470592707,0.466666668653,0.00392156839371,0.334370675641,0.482352942228,0.494117647409,0.356010233902,0.442878473456,0.470588237047,0.117647059262,0.117647059262,0.135430359355,0.0863451212609,0.474509805441,257.522878469,122.054476809,0.0,257.837563452,122.16751269,0.0,260.0,126.0,0.0,6.00210602852
23,105,positive,105.0,1.0,31.5350578625,241.860449285,0.0,105.0,105.0,0.820231151765,1.0,0.833615784249,2.02206220808,0.381406557322,0.799619874876,0.936793936938,0.878195755783,0.583719724311,0.590101089754,20.0666671935,64.7921586866,0.0196078438312,0.0117647051811,5.35927601976,0.615686297417,0.615686297417,0.0872463791024,0.0486427617767,0.0274509806186,0.0117647061124,0.00784313771874,0.144254799886,0.0768914003307,0.0431372560561,29.0041157315,238.150223972,0.0,32.0277777778,242.575075075,24.0,232.0,0.0,9.46219517804,105.0,105.0,105.0,1.0,1.0,0.677190278549,1.0,1.0,1.51545819044,0.605013907191,0.998207267481,0.99282469326,0.957535002483,0.765312628838,0.727016464932,12.9529414549,92.513728492,0.361764714122,0.0999999940395,0.758339534377,0.596078455448,0.615686297417,0.269852946978,0.46026730593,0.511764734983,0.0666666701436,0.0666666701436,0.154183944003,0.163447489865,0.600000023842,25.9880886688,234.767623249,0.0,26.7412935323,234.855721393,0.0,23.0,239.0,0.0,9.46219517804
19,144,positive,144.0,1.0,580.605809129,557.365145228,0.0,144.0,144.0,0.687702540364,1.0,1.0,2.81384840456,0.303756563328,0.828549657625,0.99638877417,0.924513342843,0.512638694114,0.541584208547,27.6117654555,41.1529423185,0.108823530376,0.182352952659,1.65686846615,0.850980401039,0.850980401039,0.324844299476,0.334576766817,0.276470601559,0.0549019612372,0.0549019612372,0.247001956096,0.23640120482,0.54509806633,578.900228714,556.785496484,0.0,580.422764228,557.43902439,576.0,553.0,0.0,1.99586790678,144.0,144.0,144.0,1.0,1.0,0.575078841829,1.0,1.0,2.76125089561,0.345090587977,0.993134580927,1.0,0.976156593543,0.507049689093,0.481961812702,18.5372554287,116.192159437,0.588235318661,0.10588234663,0.47956462965,0.850980401039,0.874509811401,0.463431385718,0.667771031245,0.72549021244,0.117647059262,0.117647059262,0.212254137056,0.181251249277,0.811764717102,580.403186071,556.982247139,0.0,580.810344828,557.235632184,0.0,582.0,554.0,0.0,1.99586790678
8,67,positive,67.0,1.0,261.298412698,176.998412698,0.0,67.0,67.0,0.751233254148,1.0,0.946451841796,1.10443581487,0.627011023709,0.82368351929,0.881826319646,0.832161901858,0.69843412942,0.71578991057,12.8549022926,33.1019617105,0.0196078438312,0.0235294122249,3.97695939876,0.501960813999,0.501960813999,0.0959321066612,0.0637802730453,0.0431372560561,0.0117647061124,0.00784313771874,0.133828772702,0.0880986933152,0.0627451017499,259.68356829,179.380879032,0.0,261.928709056,176.098265896,255.0,177.0,0.0,6.2568047773,67.0,67.0,67.0,1.0,1.0,0.785660840011,1.0,1.0,0.877475146955,1.07083110244,0.990075383806,0.98476856529,0.969343942558,0.92131821229,0.903500145216,8.33725507185,66.6431397535,0.278431385756,0.0235294401646,0.683705954287,0.501960813999,0.525490224361,0.203347684679,0.399060717087,0.498039215803,0.0588235296309,0.0588235296309,0.161893416288,0.163967450569,0.509803950787,257.599976476,181.276921265,0.0,258.281437126,181.221556886,0.0,260.0,177.0,0.0,6.2568047773
17,159,positive,159.0,1.0,102.471186441,615.745762712,0.0,159.0,159.0,0.849616091149,1.0,0.972600408217,2.19141705503,0.393105480114,0.904711149061,0.95191696634,0.928147646416,0.766094649748,0.756643483878,13.6549022468,46.0862755319,0.0401960797608,0.0313725508749,0.917506460658,0.517647087574,0.517647087574,0.100403692991,0.0966169298363,0.0784313753247,0.0117647061124,0.0117647061124,0.13198850454,0.0979871225578,0.105882354081,101.17920354,615.196732482,0.0,101.867924528,615.80293501,100.0,620.0,0.0,3.68373706723,159.0,159.0,159.0,1.0,1.0,0.787753154379,1.0,1.0,1.6228277353,0.569194805882,1.0,0.998630851465,0.961095790114,0.785668876162,0.756523722803,9.43137271702,60.1490208134,0.130392163992,0.04509806633,1.50160611023,0.517647087574,0.521568655968,0.235784317926,0.35591136576,0.464705884457,0.0823529437184,0.0823529437184,0.156880363596,0.171627624249,0.498039215803,103.535206648,615.630199509,0.0,105.023668639,615.431952663,0.0,99.0,615.0,0.0,3.68373706723
23,11,positive,11.0,1.0,502.079787234,33.795212766,0.0,11.0,11.0,0.923385789112,1.0,0.979404077227,1.12409729528,0.825791756019,0.834018691767,0.992967376294,0.96346784036,0.764700455286,0.896541792329,16.8392160963,37.5098048709,0.0274509806186,0.0117647051811,3.60805067349,0.443137258291,0.443137258291,0.114552490451,0.0646720773637,0.0431372560561,0.0117647061124,0.0117647061124,0.119725742157,0.0760397647129,0.0509803928435,499.657814976,33.2007318377,0.0,502.982758621,34.6017241379,490.0,27.0,0.0,5.24040381663,11.0,11.0,11.0,1.0,1.0,0.851534145171,1.0,1.0,1.04896680726,0.934788734386,0.991589400539,1.0,0.990233484676,0.928643499301,0.929616210646,11.8117649704,82.0156878531,0.278431385756,0.0588235259056,0.856427456595,0.423529416323,0.454901963472,0.222863490008,0.338907801046,0.364705890417,0.0627451017499,0.0627451017499,0.0808460569647,0.0922452599902,0.411764711142,498.340011505,30.9107774816,0.0,499.173553719,31.1074380165,0.0,498.0,33.0,0.0,5.24040381663
21,181,positive,181.0,1.0,566.12403698,606.516178737,0.0,181.0,181.0,0.874258046937,1.0,0.991476304036,1.43727810955,0.597763490241,0.809183673093,0.962474485644,0.926904730386,0.675513234601,0.77860428546,24.1960790753,69.0117664272,0.0392156876624,0.00784313678741,5.45473100519,0.549019634724,0.549019634724,0.116889270895,0.0635467462497,0.0470588244498,0.0117647061124,0.0117647061124,0.132759935062,0.0746553034672,0.0549019612372,562.720991046,606.671951375,0.0,568.069060773,605.598526703,557.0,602.0,0.0,6.17398062174,181.0,181.0,181.0,1.0,1.0,0.753848063625,1.0,1.0,1.26381285286,0.762021393558,0.978084524707,0.998150650845,0.981352348206,0.847490459338,0.851477506694,13.8470591679,111.423531897,0.345098048449,0.0627450942993,0.794873047114,0.549019634724,0.603921592236,0.251764712144,0.39233637992,0.415686279535,0.0627451017499,0.0627451017499,0.152736096229,0.12193120582,0.478431373835,555.632844126,610.613416381,0.0,556.144366197,611.221830986,0.0,553.0,605.0,0.0,6.17398062174
6,87,positive,87.0,1.0,45.2360688956,295.903748734,0.0,87.0,87.0,0.76440503079,1.0,0.929277756443,3.7656213601,0.209212915452,0.385663243313,0.9596393896,0.887590346519,0.259655241822,0.55570277751,15.0117650609,62.6588253276,0.0235294122249,0.0196078438312,3.10630051256,0.819607853889,0.819607853889,0.0987616122431,0.0705617402338,0.0392156876624,0.0156862754375,0.0117647061124,0.196916387078,0.112559734611,0.0705882385373,42.5337964675,295.116785575,0.0,45.4560810811,296.170045045,38.0,290.0,0.0,8.67881327497,87.0,87.0,87.0,1.0,1.0,0.807179246549,1.0,1.0,3.34242416329,0.284122290371,0.969369116029,1.0,0.97450357037,0.453738373224,0.432295849147,11.6196081191,91.858825177,0.403921574354,0.13725489378,0.883188518138,0.784313738346,0.921568632126,0.314043462679,0.612392167846,0.733333349228,0.0862745121121,0.0862745121121,0.238414884439,0.264087522048,0.817647069693,42.3662056084,293.50268954,0.0,43.2466666667,293.433333333,0.0,40.0,296.0,0.0,8.67881327497
25,70,positive,70.0,1.0,531.543992431,144.789025544,0.0,70.0,70.0,0.872708988426,1.0,0.99356455377,1.93634658216,0.433269535761,0.67132979658,0.984472049776,0.915947588416,0.47438680553,0.628334527447,24.6784321386,68.8588255793,0.0274509806186,0.0117647070438,7.11574480219,0.733333349228,0.733333349228,0.134121913797,0.0731762227198,0.0352941192687,0.0156862754375,0.0156862754375,0.206521071298,0.122013477514,0.0578431375325,527.130132693,148.738196931,0.0,532.354941552,143.907545165,529.0,146.0,0.0,8.22069586985,70.0,70.0,70.0,1.0,1.0,0.658328973886,1.0,1.0,1.82007244997,0.52821610067,0.997138869481,1.0,0.980505773803,0.648723190572,0.627355393057,17.8980397657,102.866669692,0.587254926562,0.0509803891182,0.374202834025,0.701960802078,0.737254917622,0.416233482922,0.601559471884,0.654901981354,0.109803922474,0.109803922474,0.212259956809,0.16165063536,0.705882370472,524.509321026,151.894780987,0.0,524.85380117,152.040935673,0.0,529.0,152.0,0.0,8.22069586985
14,1,negative,1.0,1.0,212.329078456,15.9140722291,0.0,1.0,1.0,0.750100773685,0.951487812398,0.964878518102,3.94181691005,0.203559670942,0.864122418312,0.438766954431,0.895765009991,0.390371755656,0.193138460257,31.7725503165,293.70196954,0.0235294122249,0.0235294122249,11.3783036707,0.61960786581,0.61960786581,0.127600603681,0.0954817846358,0.0392156876624,0.0117647061124,0.00784313771874,0.220351854361,0.126122741293,0.105882354081,222.598886414,13.1953293996,0.0,211.631339402,16.2249674902,235.0,6.0,0.0,6.03334444187,1.0,1.0,1.0,1.0,1.0,0.358735173104,1.0,1.0,2.46314335756,0.390120367072,1.0,1.0,0.980266489686,0.59785030886,0.587927694105,29.5137267262,114.062749937,0.57647061348,0.00392156839371,0.0491226670323,0.61960786581,0.61960786581,0.556862768418,0.576074494632,0.57647061348,0.247058823705,0.247058823705,0.0643072333125,0.036607653792,0.586274534464,228.088083608,8.90108643494,0.0,228.075757576,8.85353535354,0.0,235.0,11.0,0.0,6.03334444187
14,25,negative,25.0,1.0,392.984279047,118.026283468,0.0,25.0,25.0,0.459317662171,0.9965268844,0.951077960458,2.14951137167,0.281189338615,1.0,0.269015528557,0.77744432659,0.871411898827,0.215258131843,26.2862753272,379.113736162,0.0352941192687,0.039215689525,6.07670400492,0.274509817362,0.380392163992,0.0658803892912,0.0983688988485,0.0666666701436,0.0117647061124,0.00784313771874,0.0642108414134,0.0749618991184,0.152941182256,393.155977788,111.969267827,0.0,392.455371043,118.005448884,377.0,85.0,0.0,1.85262531353,25.0,25.0,25.0,1.0,1.0,0.321506957787,1.0,1.0,0.873429990351,1.01969103509,1.0,0.964425444976,0.943731281106,0.951448964484,0.907470820972,9.54117678106,54.125491485,0.164705887437,0.0156862735748,0.187805647478,0.254901975393,0.262745112181,0.170378156805,0.182240712071,0.184313729405,0.129411771894,0.129411771894,0.035603372861,0.0257868343218,0.199019610882,402.530213013,118.569700048,0.0,402.407407407,118.427609428,0.0,408.0,129.0,0.0,1.85262531353
3,45,negative,45.0,1.0,332.247905028,172.976256983,0.0,45.0,45.0,0.286989301735,1.0,0.504643565929,0.308658577835,1.5488231575,1.0,0.129151563871,0.691417061629,0.795173272841,0.117017392736,13.2509808429,61.2274529813,0.0235294122249,0.0156862754375,1.41036502971,0.180392161012,0.180392161012,0.0613471335318,0.0458632606601,0.0352941192687,0.0196078438312,0.0117647061124,0.0423019011233,0.0288827952029,0.0627451017499,332.711202201,173.339460705,0.0,331.453183521,172.701872659,350.0,172.0,0.0,1.29432109212,45.0,45.0,45.0,1.0,1.0,-0.545716176392,1.0,1.0,0.131866009554,4.13230015129,1.0,1.0,0.738180148223,0.615337297134,0.732012573939,3.29411774129,9.08235320076,0.0392156876624,0.0117647051811,1.38612709818,0.180392161012,0.180392161012,0.0823529435322,0.0593617856259,0.0509803928435,0.0392156876624,0.0313725508749,0.0369752159444,0.0301039789654,0.0666666701436,344.30224525,175.900690848,0.0,343.267973856,176.823529412,0.0,349.0,172.0,0.0,1.29432109212
25,237,negative,237.0,1.0,531.690661479,573.075875486,0.0,237.0,237.0,0.70299900084,1.0,0.980049145783,1.01956422322,0.793715566653,1.0,0.748742501301,0.89957989927,0.883282713972,0.662965939642,15.4470592961,67.0274529997,0.0862745121121,0.074509806931,1.51812397751,0.384313732386,0.384313732386,0.117023176485,0.170553315521,0.184313729405,0.0156862754375,0.0156862754375,0.106496570976,0.0929395058757,0.247058823705,529.331909655,573.085712605,0.0,530.849872774,573.063613232,526.0,575.0,0.0,1.74773549867,237.0,237.0,237.0,1.0,1.0,0.642994589737,1.0,1.0,0.569602724208,1.63018655852,1.0,0.993817397577,0.963617509544,0.78928447702,0.811225691917,10.9137258381,54.5490213633,0.274509817362,0.0235294103622,0.243350033849,0.360784322023,0.384313732386,0.253807577629,0.298082083952,0.309803932905,0.152941182256,0.152941182256,0.0431275203527,0.0427468181656,0.329411774874,534.110208479,573.120920193,0.0,534.349726776,573.163934426,0.0,526.0,575.0,0.0,1.74773549867
14,134,negative,134.0,1.0,20.3269493844,600.132694938,0.0,134.0,134.0,0.581062465348,0.997468354369,0.965052623686,5.75711189434,0.114870056234,0.995533055354,0.554573959726,0.81321569528,0.659530151086,0.346752661286,20.694118279,212.756868689,0.0705882385373,0.0882352888584,3.43008037384,0.35686275363,0.46274510026,0.108346169,0.163533334888,0.150980398059,0.0117647061124,0.0117647061124,0.108053053982,0.104630377053,0.247058823705,18.3032090486,597.570954623,0.0,19.7332820907,600.688700999,7.0,590.0,0.0,1.76509105731,134.0,134.0,134.0,1.0,1.0,0.23060916784,1.0,1.0,2.41843648362,0.383388307371,1.0,1.0,0.962912389546,0.791126921588,0.777473222012,14.9019612521,66.6784334332,0.250980407,0.0352941304445,0.708375115356,0.35686275363,0.423529416323,0.281169080228,0.288651226983,0.278431385756,0.211764708161,0.188235297799,0.0429017569527,0.0497779577448,0.329411774874,24.3588190361,595.402576023,0.0,25.025974026,595.640692641,0.0,21.0,592.0,0.0,1.76509105731
10,23,negative,23.0,1.0,67.573932092,87.4709748083,0.0,23.0,23.0,0.310791161871,1.0,0.758736124905,3.55851263396,0.158293614056,1.0,0.513702931929,0.750526365622,0.739313967764,0.335895925405,35.7725499477,200.317652082,0.172549024224,0.066666662693,0.87187038063,0.490196079016,0.490196079016,0.212931844927,0.243695440489,0.235294118524,0.0235294122249,0.0235294122249,0.107818146197,0.0928498613029,0.309803932905,67.8593410496,88.1859986831,0.0,67.4525547445,87.4148418491,69.0,98.0,0.0,1.08008824023,23.0,23.0,23.0,1.0,1.0,-0.0751387498785,1.0,1.0,1.68510561359,0.560845818252,1.0,1.0,0.972154533341,0.82853103093,0.813702253733,12.3333337009,39.7450994998,0.246078431606,0.0156862735748,0.108178039775,0.43137255311,0.43137255311,0.268115950019,0.263212579469,0.258823543787,0.188235297799,0.188235297799,0.0517313626846,0.0358990358383,0.274509817362,68.4610754722,88.1922052184,0.0,68.5165562914,88.0993377483,0.0,69.0,91.0,0.0,1.08008824023
12,25,negative,25.0,1.0,520.088797814,80.706284153,0.0,25.0,25.0,0.0805560419581,1.0,0.654994090945,1.08884686159,0.396346393723,1.0,0.455810398787,0.656932665428,0.943782018429,0.417735437453,6.14509820752,53.0823545102,0.0470588244498,0.0313725471497,1.62344061493,0.101960785687,0.188235297799,0.0435822567909,0.0782925582746,0.074509806931,0.0196078438312,0.0196078438312,0.0212551898636,0.038564538859,0.105882354081,520.307476351,82.0802304837,0.0,519.92920354,80.5014749263,522.0,74.0,0.0,0.714529954018,25.0,25.0,25.0,1.0,1.0,0.0472956441412,1.0,1.0,0.47954751473,2.03785097338,1.0,1.0,0.988557721973,0.931151262229,0.933489111489,1.89411769435,5.48235305026,0.0509803928435,0.00392156839371,0.108139045575,0.0784313753247,0.0784313753247,0.0573975058893,0.0559423780639,0.0549019612372,0.0470588244498,0.0470588244498,0.00734091380465,0.00580990604714,0.0588235296309,521.974248915,83.2117310309,0.0,522.081632653,83.2244897959,0.0,519.0,82.0,0.0,0.714529954018
26,181,negative,181.0,1.0,500.116469518,466.277525023,0.0,181.0,181.0,0.00800670338951,0.500500501121,0.185636072082,1.02557687248,0.50700945421,1.0,0.747880803035,0.721094425417,0.922456096833,0.690473442504,10.2784316186,75.4078448489,0.0470588244498,0.0235294103622,3.19754121926,0.117647059262,0.145098045468,0.0630578626907,0.0769467804581,0.0862745121121,0.0235294122249,0.0235294122249,0.0270614966967,0.0309075562574,0.101960785687,497.782412005,469.108013887,0.0,499.739795918,466.579591837,504.0,472.0,0.0,0.791554425362,181.0,181.0,181.0,1.0,1.0,-0.455400035013,0.119488893255,0.710732980019,0.298216112217,3.03778415384,1.0,1.0,0.951796291289,0.912053038161,0.92315230431,2.98823538423,10.6588238031,0.0549019612372,0.003921572119,0.351153538578,0.117647059262,0.117647059262,0.0711484615292,0.060907564589,0.0588235296309,0.0509803928435,0.0431372560561,0.0169122117531,0.0115101395379,0.0627451017499,503.130610715,464.087564382,0.0,503.257142857,463.76,0.0,507.0,471.0,0.0,0.791554425362
20,11,negative,11.0,1.0,179.705882353,42.3981389166,0.0,11.0,11.0,0.409375486191,1.0,0.600465070174,0.724118157495,0.738549003654,1.0,0.141535863414,0.731297985602,0.921783607122,0.131537362942,13.1411768291,119.73725852,0.0235294122249,0.0156862735748,3.51257177643,0.168627455831,0.168627455831,0.05034933651,0.0420130731649,0.0352941192687,0.0117647061124,0.0117647061124,0.037560472671,0.0244655864597,0.0549019612372,180.791438753,39.6376379865,0.0,179.536140351,42.918245614,187.0,7.0,0.0,1.44174430731,11.0,11.0,11.0,1.0,1.0,-0.268836657601,1.0,1.0,0.270922315775,3.15894694898,1.0,1.0,0.925110384132,0.812914036858,0.843533812958,3.38431384042,13.9921571948,0.0549019612372,0.003921572119,0.322274733897,0.109803922474,0.109803922474,0.0676862768084,0.0605721090682,0.0588235296309,0.0509803928435,0.0470588244498,0.0112518275576,0.0096923412931,0.0637254938483,182.941704038,32.7278587279,0.0,182.783549784,33.0086580087,0.0,188.0,23.0,0.0,1.44174430731
12,185,negative,185.0,1.0,376.15377176,589.160541586,0.0,185.0,185.0,0.312027015281,1.0,0.744685217299,2.2524539579,0.207168998499,1.0,0.448751900624,0.683109530472,0.908706247314,0.378010832712,22.6745104529,95.5529440306,0.0470588244498,0.0431372560561,7.6932154698,0.274509817362,0.286274522543,0.110070439092,0.104088174325,0.0823529437184,0.0196078438312,0.0196078438312,0.0629713767983,0.0670807389101,0.150980398059,370.298818023,590.112574908,0.0,377.787581699,588.350762527,356.0,585.0,0.0,1.06020036145,185.0,185.0,185.0,1.0,1.0,-0.243102913196,1.0,1.0,0.745912729818,1.09289833748,1.0,1.0,0.902888023135,0.942897049047,0.936031218177,5.58823549002,18.8705887273,0.0862745121121,0.013725489378,0.656502331457,0.274509817362,0.274509817362,0.133053225953,0.110354320043,0.10000000149,0.074509806931,0.074509806931,0.0525603985021,0.0331844517948,0.121568627656,363.5180798,595.073566076,0.0,363.292397661,595.69005848,0.0,359.0,590.0,0.0,1.06020036145
20,74,negative,74.0,1.0,318.833183048,233.561767358,0.0,74.0,74.0,0.608342728094,1.0,0.966481833985,0.873560335349,0.877299996552,1.0,0.433323372905,0.875428169063,0.943590369531,0.417117138064,8.66274536122,47.3843151294,0.0274509806186,0.0156862735748,1.94174826841,0.215686276555,0.215686276555,0.0503647986117,0.0493586615931,0.0392156876624,0.0117647061124,0.0117647061124,0.0392188353825,0.0271832255896,0.0666666701436,318.849126859,231.985516847,0.0,318.780208333,233.926041667,305.0,222.0,0.0,1.76195270037,74.0,74.0,74.0,1.0,1.0,-0.368234196612,1.0,1.0,0.185892999297,3.91708048794,1.0,0.864303692608,0.853321651191,0.555421175573,0.583535336544,4.23529421911,18.6980398223,0.074509806931,0.0117647051811,0.664372566051,0.1254902035,0.141176477075,0.0882352962314,0.0869676270804,0.0823529437184,0.0588235296309,0.0588235296309,0.0175742868081,0.0197645970873,0.101960785687,319.947986545,231.220637605,0.0,319.28372093,231.23255814,0.0,325.0,231.0,0.0,1.76195270037
10,171,negative,171.0,1.0,608.402654867,580.561946903,0.0,171.0,171.0,-0.456442322845,1.0,1.0,0.325695912938,1.98105134255,1.0,1.0,0.803256077219,0.940116104059,0.964420122671,1.6784314299,2.91764715221,0.0156862754375,0.00392156839371,0.719913344238,0.0470588244498,0.0509803928435,0.0207213756778,0.0235294125178,0.0235294122249,0.0117647061124,0.0117647061124,0.00591805735634,0.00742062476226,0.0274509806186,608.274193547,582.540322573,0.0,608.39516129,581.830645161,608.0,584.0,0.0,0.724358985132,171.0,171.0,171.0,1.0,1.0,-0.210259454666,1.0,1.0,0.171063195722,5.09404088102,1.0,1.0,0.933489642282,0.915605716981,0.922291784154,0.827451012097,2.65882365406,0.0156862754375,0.0,0.468130645012,0.0509803928435,0.0509803928435,0.019243046793,0.0170437413722,0.0156862754375,0.0117647061124,0.0117647061124,0.00810391607812,0.00520962781691,0.0156862754375,608.066371688,579.635693201,0.0,608.301282051,579.230769231,0.0,608.0,584.0,0.0,0.724358985132
24,66,negative,66.0,1.0,395.766328012,202.552007741,0.0,66.0,66.0,0.273012061117,1.0,0.510816640187,1.04581539665,0.664201145532,0.659526855607,0.27823478144,0.833445729768,0.639158022562,0.270361088339,12.6392160496,63.6274530287,0.0196078438312,0.0117647070438,4.77976847927,0.223529413342,0.223529413342,0.0537838980833,0.0332084827916,0.0313725508749,0.0117647061124,0.00392156885937,0.0409271104263,0.0229525009822,0.0392156876624,396.751494604,198.499784325,0.0,396.1717119,203.244258873,388.0,169.0,0.0,1.03094764813,66.0,66.0,66.0,1.0,1.0,-0.00464107386209,1.0,1.0,0.222671141053,3.35046698824,1.0,1.0,0.863743195244,0.870119850228,0.891582311952,1.80000005662,7.36078455485,0.0235294122249,0.00392157025635,1.1539803855,0.101960785687,0.101960785687,0.0400000012583,0.0342362072319,0.0313725508749,0.0196078438312,0.0156862754375,0.0217889328472,0.0156368434275,0.0352941192687,391.548215229,194.54981354,0.0,390.679069767,193.790697674,0.0,397.0,196.0,0.0,1.03094764813
20,157,negative,157.0,1.0,255.829681275,485.302788845,0.0,157.0,157.0,-0.00984838727914,1.0,0.86954470398,0.300740184334,1.53553791157,0.992465753427,0.362253386207,0.679557175355,0.927093631153,0.351603487487,3.56862756703,16.6235299753,0.0156862754375,0.00392156839371,2.04062589831,0.0627451017499,0.0666666701436,0.0173234347914,0.019374743561,0.0196078438312,0.0117647061124,0.00784313771874,0.010518759911,0.00892285675221,0.0196078438312,257.184005632,486.020995523,0.0,255.162004662,485.745920746,274.0,484.0,0.0,0.843041044571,157.0,157.0,157.0,1.0,1.0,-0.111718156144,1.0,1.0,0.108879358482,8.03379601998,1.0,1.0,0.935261758457,0.849874880597,0.867150019446,0.831372584216,3.46274525858,0.0156862754375,0.0,0.325462175881,0.0274509806186,0.0313725508749,0.0173202621712,0.0163337040499,0.0156862754375,0.0117647061124,0.0117647061124,0.00356493853825,0.00317793755911,0.0156862754375,259.530011329,482.458663666,0.0,259.773584906,482.674528302,0.0,257.0,479.0,0.0,0.843041044571
13,117,negative,117.0,1.0,155.816212871,435.364480198,0.0,117.0,117.0,0.642840386577,0.99643493761,0.722852899056,1.26703704623,0.4811947989,1.0,0.473341675736,0.780827533236,0.90057727665,0.411547410681,12.7764709517,81.929414033,0.0235294122249,0.0156862754375,4.16559171546,0.258823543787,0.258823543787,0.0532352956322,0.0563863826793,0.0352941192687,0.0156862754375,0.0117647061124,0.0582843769981,0.0523511749986,0.0666666701436,154.28345779,438.76622629,0.0,155.256022023,434.715760496,158.0,446.0,0.0,2.26046167586,117.0,117.0,117.0,1.0,1.0,-0.476142235541,1.0,1.0,0.403640394753,1.78700930261,1.0,0.986888225506,0.849299205422,0.78179712431,0.81872885848,8.70980416238,30.2078439295,0.0941176488996,0.027450978756,0.48988104052,0.258823543787,0.258823543787,0.155532217185,0.127459257087,0.117647059262,0.0666666701436,0.0666666701436,0.0473513138674,0.0411007591298,0.156862750649,160.461897959,441.569648189,0.0,160.670886076,441.126582278,0.0,158.0,446.0,0.0,2.26046167586
13,111,negative,111.0,1.0,541.327659574,408.841134752,0.0,111.0,111.0,0.528335425606,0.998447807512,0.968322857189,1.35917891758,0.474160350033,1.0,0.569599590823,0.802788111096,0.866023357561,0.480386629902,13.5450983457,78.6117667183,0.0784313753247,0.0549019575119,2.08633064895,0.254901975393,0.309803932905,0.105821080826,0.133240282573,0.1254902035,0.0156862754375,0.0156862754375,0.0811344631388,0.0702995604065,0.188235297799,541.162476293,407.390501869,0.0,540.394915254,409.330508475,538.0,401.0,0.0,1.07175390094,111.0,111.0,111.0,1.0,1.0,-0.698408613085,1.0,1.0,0.386669399438,2.02062970753,1.0,1.0,0.883920627374,0.735206737044,0.789490301752,7.24313744158,24.1333339512,0.117647059262,0.0196078419685,0.217205793797,0.258823543787,0.258823543787,0.181078436039,0.142800792611,0.133333340287,0.117647059262,0.101960785687,0.0367026924702,0.0345119748287,0.160784319043,546.311992186,406.123171919,0.0,546.159763314,406.278106509,0.0,540.0,404.0,0.0,1.07175390094
26,131,negative,131.0,1.0,268.41269259,331.045487894,0.0,131.0,131.0,0.550311161876,1.0,0.555909782669,3.04245768803,0.22497010357,0.950472972421,0.573187934521,0.827322199136,0.693251605027,0.380277675153,41.9764717054,411.862756813,0.0901960805058,0.0627451017499,6.51714209152,0.57647061348,0.600000023842,0.156046363217,0.176084975123,0.145098045468,0.0235294122249,0.0235294122249,0.119232784183,0.116127111849,0.239215686917,264.79570579,329.790535561,0.0,271.017101325,331.731509192,264.0,343.0,0.0,1.14511326804,131.0,131.0,131.0,1.0,1.0,-0.163402669079,1.0,1.0,0.695306984964,1.00323900907,0.984902602083,1.0,0.835200030287,0.869632470555,0.832975135762,22.713726081,101.423532382,0.137254908681,0.0313725471497,1.58021515967,0.588235318661,0.588235318661,0.267220306835,0.201637241315,0.156862750649,0.074509806931,0.074509806931,0.143131605942,0.100676239295,0.247058823705,254.334338622,326.506244459,0.0,252.7972167,326.872763419,0.0,264.0,342.0,0.0,1.14511326804
10,4,negative,4.0,1.0,106.952227836,26.8631143776,0.0,4.0,4.0,0.449807273714,1.0,0.633201160101,1.30553905138,0.41080705211,1.0,0.187049642704,0.732341893594,0.869067638261,0.158194128265,20.6941181496,191.866671998,0.0392156876624,0.0431372523308,4.59092356767,0.392156869173,0.392156869173,0.0967014866803,0.0952191920586,0.074509806931,0.0235294122249,0.0196078438312,0.090546007801,0.0648801728684,0.145098045468,107.864611866,30.9956669247,0.0,107.117121588,26.4660049628,94.0,49.0,0.0,1.37932750936,4.0,4.0,4.0,1.0,1.0,-0.641623925404,1.0,1.0,0.376938470449,1.76204508558,1.0,0.960015578069,0.814973974689,0.740124000184,0.755045008386,8.24705898017,30.2078437358,0.0980392172933,0.0156862735748,0.819909299874,0.321568638086,0.321568638086,0.171813728753,0.131338451025,0.109803922474,0.0901960805058,0.0823529437184,0.0564082380128,0.0479508269929,0.156862750649,105.700765925,31.4032195165,0.0,104.973913043,31.7826086957,0.0,102.0,23.0,0.0,1.37932750936
1,227,negative,227.0,1.0,461.833795014,462.019390582,0.0,227.0,227.0,-0.0348648743863,0.577008105104,0.116700573068,1.18684173428,0.497255248418,0.933339654539,0.971717286039,0.768220854579,0.834819908206,0.860780186255,14.3176474199,71.2588259131,0.074509806931,0.027450978756,2.35920941181,0.211764708161,0.211764708161,0.0973989620399,0.111866288718,0.129411771894,0.0196078438312,0.0156862754375,0.050041197324,0.0476975233236,0.149019613862,459.601562952,460.997908746,0.0,461.940345369,461.307692308,445.0,460.0,0.0,0.692542347355,227.0,227.0,227.0,1.0,1.0,-0.274015917961,0.249294069225,0.961165048511,0.355280610556,2.4257206346,1.0,1.0,0.92833803547,0.934147725593,0.9402574297,3.77647070587,10.7686277628,0.0588235296309,0.013725489378,0.628158299849,0.145098045468,0.145098045468,0.0944117676467,0.0774721421784,0.0686274543405,0.0509803928435,0.0509803928435,0.0326502989084,0.0246358645499,0.0901960805058,461.176620544,466.601966491,0.0,460.884892086,467.158273381,0.0,468.0,467.0,0.0,0.692542347355
7,1,negative,1.0,1.0,512.826751592,8.70955414013,0.0,1.0,1.0,0.357545749975,1.0,0.957731678678,1.99343768637,0.274369105233,0.9914618368,0.444187659674,0.73955237431,0.744836525993,0.262961328784,36.2352950796,216.450986914,0.105882354081,0.207843124866,6.58383475825,0.615686297417,0.835294127464,0.266435993233,0.318310274874,0.290196090937,0.0196078438312,0.0196078438312,0.184770700219,0.219305159499,0.521568655968,508.232339864,10.259008959,0.0,514.617647059,8.65441176471,508.0,17.0,0.0,0.935636448235,1.0,1.0,1.0,1.0,1.0,-0.587121542425,1.0,1.0,0.827306416857,1.01772795703,1.0,1.0,0.917590796306,0.889086837754,0.86610282247,16.7607848644,48.5450992882,0.234313726425,0.0372549146414,0.539875232574,0.658823549747,0.658823549747,0.399066306296,0.29782269502,0.264705896378,0.219607844949,0.203921571374,0.114590902536,0.0941780311993,0.326470598578,501.781807905,9.30277082334,0.0,501.282208589,9.0981595092,0.0,508.0,15.0,0.0,0.935636448235
22,158,negative,158.0,1.0,291.761715647,523.187450357,0.0,158.0,158.0,0.285079779498,1.0,0.630457522319,1.71363274974,0.302387354384,0.993192317002,0.674747234375,0.719847812791,0.944341037808,0.626851891169,9.8274512589,71.2274529822,0.0352941192687,0.027450978756,1.2748515658,0.168627455831,0.184313729405,0.0493841771804,0.0618293862693,0.0588235296309,0.0156862754375,0.0156862754375,0.0343340940679,0.0327210095818,0.0862745121121,292.480537344,522.985740253,0.0,291.229166667,522.7421875,285.0,538.0,0.0,0.983660455436,158.0,158.0,158.0,1.0,1.0,-0.0646854960612,1.0,1.0,0.60083976207,1.57557032768,1.0,1.0,0.972967266052,0.972340611482,0.974991245693,2.91764713824,10.2784316614,0.0549019612372,0.003921572119,0.264196999088,0.105882354081,0.105882354081,0.0634271117008,0.060819122257,0.0588235296309,0.0470588244498,0.0431372560561,0.0116305039753,0.00928912661562,0.0666666701436,297.076688265,528.331934401,0.0,297.266272189,528.147928994,0.0,303.0,520.0,0.0,0.983660455436
11,95,negative,95.0,1.0,342.70212766,368.841813136,0.0,95.0,95.0,0.387731779741,1.0,0.555795209937,1.83677495788,0.306767834407,0.97760646104,0.283154956997,0.750642042601,0.880115816422,0.240875351757,16.9725494385,103.635296857,0.0705882385373,0.0313725471497,1.09363364023,0.301960796118,0.301960796118,0.10607843399,0.110721471001,0.0980392172933,0.0196078438312,0.0196078438312,0.0690112536848,0.060474264661,0.137254908681,342.698187451,369.432625701,0.0,341.680555556,369.032051282,343.0,355.0,0.0,1.080341969,95.0,95.0,95.0,1.0,1.0,-0.726985527649,1.0,1.0,0.449694893883,1.28881726505,1.0,0.985070032454,0.761297933296,0.850352145861,0.864271314584,8.5411766842,25.4784320742,0.0823529437184,0.0156862735748,0.692319100049,0.301960796118,0.301960796118,0.174309728249,0.119617051991,0.0941176488996,0.101960785687,0.0627451017499,0.0502834214953,0.0513994702435,0.145098045468,349.888563956,367.986455299,0.0,349.276995305,367.661971831,0.0,353.0,378.0,0.0,1.080341969
3,31,negative,31.0,1.0,386.197505198,122.43035343,0.0,31.0,31.0,0.0693561166752,1.0,0.950702351826,1.3124644313,0.404283584665,0.996366639147,0.29883829587,0.728428325252,0.895061932331,0.244896359347,22.7647065371,147.40392589,0.129411771894,0.0313725471497,0.460686827202,0.286274522543,0.423529416323,0.146869074433,0.166370119515,0.152941182256,0.0392156876624,0.0274509806186,0.0476000794855,0.0606684013859,0.192156866193,386.213818205,122.061455773,0.0,385.835214447,122.323927765,391.0,114.0,0.0,0.830618198364,31.0,31.0,31.0,1.0,1.0,-0.0922246195701,1.0,1.0,0.647678991573,1.35204438348,1.0,1.0,0.935783491442,0.924029163353,0.92644649681,6.1372551024,17.9647063613,0.109803922474,0.0196078419685,0.790929401162,0.305882364511,0.305882364511,0.157365515446,0.138190048933,0.1254902035,0.0862745121121,0.0862745121121,0.0623110929542,0.0443082648362,0.149019613862,390.696572797,123.026195133,0.0,390.5,123.792307692,0.0,393.0,120.0,0.0,0.830618198364
22,9,negative,9.0,1.0,495.254280822,28.3381849315,0.0,9.0,9.0,0.317478365259,1.0,0.98243272681,2.17343712106,0.256762613106,0.998118026663,0.687601318851,0.747032391951,0.881611379922,0.573795203644,20.01568681,143.984317744,0.0705882385373,0.0588235259056,5.2761391802,0.266666680574,0.317647069693,0.1143753532,0.134690662062,0.121568627656,0.0274509806186,0.0156862754375,0.0443082176285,0.0736915882391,0.192156866193,495.068444259,33.036496347,0.0,495.110383536,27.7605238541,490.0,42.0,0.0,0.792049385481,9.0,9.0,9.0,1.0,1.0,-0.351642462556,1.0,1.0,0.686858842826,1.32582285046,1.0,1.0,0.954281483034,0.953843972989,0.955853911213,5.89803935587,16.7490200102,0.0862745121121,0.0156862735748,0.514178597013,0.227450981736,0.227450981736,0.131067541242,0.106681656116,0.0980392172933,0.0823529437184,0.0666666701436,0.0357270852579,0.0285982631703,0.120588235557,496.87684383,35.0819480045,0.0,496.719745223,34.5923566879,0.0,500.0,43.0,0.0,0.792049385481
20,180,negative,180.0,1.0,471.078284547,555.066712049,0.0,180.0,180.0,0.39229352544,1.0,0.944806325986,1.7618339501,0.294969644282,1.0,0.45690915062,0.720893566031,0.870008284701,0.370992171124,16.1019612504,146.294121646,0.0509803928435,0.0549019649625,6.55900230058,0.282352954149,0.282352954149,0.0789311826001,0.112794234114,0.109803922474,0.0117647061124,0.0117647061124,0.073732100934,0.0674388847568,0.160784319043,476.454952387,558.600643331,0.0,470.66461064,555.519660756,488.0,558.0,0.0,0.950310501619,180.0,180.0,180.0,1.0,1.0,-0.267795018406,1.0,1.0,0.582886417627,1.48970494729,1.0,1.0,0.931841606736,0.911491244796,0.919393716733,6.92941194773,26.0470594838,0.0862745121121,0.0117647051811,1.21331106202,0.219607844949,0.219607844949,0.130743621655,0.107189545201,0.0941176488996,0.074509806931,0.074509806931,0.0415993539313,0.030361753291,0.117647059262,475.308792531,551.849744055,0.0,474.131687243,551.555555556,0.0,484.0,551.0,0.0,0.950310501619
26,231,negative,231.0,1.0,354.48006135,601.757668712,0.0,231.0,231.0,0.319010565131,1.0,0.812757699162,0.974808319276,0.643712235862,1.0,0.676183211048,0.792146478082,0.853609295292,0.582338285224,21.6274515577,83.4352958687,0.113725490868,0.0431372523308,2.34649533558,0.301960796118,0.301960796118,0.139531945533,0.155953824054,0.168627455831,0.0235294122249,0.0235294122249,0.0672702107398,0.0615894263021,0.207843139768,354.745722857,601.220060185,0.0,354.171962617,603.495327103,346.0,606.0,0.0,0.798627561909,231.0,231.0,231.0,1.0,1.0,-0.632571691473,1.0,1.0,0.340989501487,2.51142423181,1.0,1.0,0.925402235153,0.798804986474,0.831678516797,7.13725508004,21.796078898,0.101960785687,0.0117647051811,0.276694144041,0.227450981736,0.227450981736,0.169934644763,0.124549022274,0.109803922474,0.113725490868,0.0784313753247,0.0304445690495,0.0340095144286,0.145098045468,356.211766818,593.953940255,0.0,355.948571429,593.868571429,0.0,357.0,603.0,0.0,0.798627561909
10,46,negative,46.0,1.0,509.849268459,198.763525009,0.0,46.0,46.0,0.699399756078,1.0,0.525780270267,7.76093996797,0.0938677061739,1.0,0.530024793392,0.853523070893,0.58830665912,0.291419674865,43.298040336,462.886286326,0.074509806931,0.0568627491593,5.05155583947,0.686274528503,0.686274528503,0.121623708809,0.171249088541,0.119607843459,0.0235294122249,0.0196078438312,0.12575136478,0.129521104622,0.23137255013,513.22002607,196.218696003,0.0,508.927118017,198.881243063,547.0,194.0,0.0,1.30953692794,46.0,46.0,46.0,1.0,1.0,-0.811839083201,1.0,1.0,1.0266887203,0.511332138947,1.0,0.974979378783,0.724554303959,0.891767935375,0.734075314138,23.8000005782,71.3137276918,0.149019613862,0.0235294103622,0.718784543893,0.556862771511,0.556862771511,0.377777786955,0.22425700532,0.164705887437,0.160784319043,0.129411771894,0.10514086425,0.110807488866,0.280392169952,520.932966745,196.828485019,0.0,520.418238994,197.330188679,0.0,533.0,194.0,0.0,1.30953692794
1,90,negative,90.0,1.0,167.733549083,203.164509169,0.0,90.0,90.0,0.156641671374,0.587506015319,0.111538866942,1.01135642789,0.530164861102,0.928479380899,0.559597051283,0.73224698027,0.805612030886,0.481013499208,22.3960790653,182.77255447,0.0588235296309,0.0392156876624,3.99617339814,0.376470595598,0.376470595598,0.106142554812,0.109183126924,0.0980392172933,0.0196078438312,0.0156862754375,0.0923545001451,0.0669873243611,0.137254908681,171.266033006,201.112622591,0.0,167.701911589,202.91995221,185.0,201.0,0.0,0.655423117945,90.0,90.0,90.0,1.0,1.0,-0.444352783046,0.154361485926,0.89454763333,0.207025625033,3.84457383757,1.0,1.0,0.892146457544,0.800683997065,0.834456264215,5.4588236846,18.7490201145,0.0549019612372,0.0078431405127,1.07540351958,0.184313729405,0.184313729405,0.095768836572,0.0715611454753,0.0627451017499,0.0392156876624,0.0392156876624,0.0350597849146,0.0268924240019,0.0784313753247,167.974482314,204.170675557,0.0,167.91221374,205.244274809,0.0,166.0,197.0,0.0,0.655423117945
20,169,no_gfp,169.0,1.0,218.19065597,518.575743275,0.0,169.0,169.0,-0.152988441,0.999330655965,0.518627320422,0.705882303636,1.41666664038,0.00269413635421,0.00145861188071,0.999999955799,0.00261081254944,0.00141350017306,12.9411768159,58.7372566639,0.0117647061124,0.00784313771874,10.0702937457,0.278431385756,0.278431385756,0.0388623928405,0.0311108350974,0.0196078438312,0.0117647061124,0.00392156885937,0.0527244160181,0.0369721739051,0.0352941192687,207.424021975,520.703965787,0.0,217.259004237,518.539724576,192.0,531.0,0.0,0.664454660775,169.0,169.0,169.0,1.0,1.0,0.14658015513,1.0,1.0,0.109444208971,8.12952502732,1.0,1.0,0.943254703633,0.802859617055,0.826430176231,1.21176475286,6.55294138379,0.0196078438312,0.0,0.203710201812,0.0352941192687,0.0352941192687,0.0198649959486,0.0206717393811,0.0196078438312,0.0117647061124,0.0117647061124,0.00480915577703,0.00330142576474,0.0235294122249,225.589467395,518.742669067,0.0,225.785488959,518.798107256,0.0,219.0,514.0,0.0,0.664454660775
8,62,no_gfp,62.0,1.0,454.13125,174.058333333,0.0,62.0,62.0,0.729543608713,1.0,1.0,0.119601964511,7.2141611339,1.0,0.523224045754,0.928885269509,0.797462976255,0.432698490837,2.7098039994,5.74117664713,0.0117647061124,0.0,0.842170526016,0.0392156876624,0.0431372560561,0.0164230545418,0.0159035364187,0.0117647061124,0.0117647061124,0.00784313771874,0.00730906419701,0.00676058432177,0.0196078438312,454.13934426,174.031420768,0.0,454.961218837,173.847645429,460.0,174.0,0.0,1.9161686198,62.0,62.0,62.0,1.0,1.0,0.696701609223,1.0,1.0,0.0908812250966,10.4295621676,1.0,1.0,0.97357659535,0.717991813217,0.736374419873,1.14901964925,5.85098062642,0.0274509806186,0.00392157025635,0.609923538729,0.0392156876624,0.0470588244498,0.022980392985,0.0304738574293,0.0313725508749,0.0117647061124,0.0117647061124,0.00670163870286,0.00725929877653,0.0352941192687,451.148793551,174.572386052,0.0,451.739583333,174.723958333,0.0,446.0,172.0,0.0,1.9161686198
1,247,no_gfp,247.0,1.0,491.789029536,513.803797468,0.0,247.0,247.0,-0.549873250931,0.0,0.0,0.40684576298,1.03998753109,0.811711420525,0.866024975282,0.650472536373,0.738390680155,0.82355549332,3.40784324985,15.368627985,0.0196078438312,0.0176470596343,2.7487347774,0.0823529437184,0.0823529437184,0.026214178845,0.0403376062599,0.0372549034655,0.00784313771874,0.00784313771874,0.0181088218071,0.020871065503,0.0588235296309,491.476397035,518.587394744,0.0,491.976377953,515.884514436,489.0,525.0,0.0,0.319145453729,247.0,247.0,247.0,1.0,1.0,-0.404720165492,0.0,0.0,0.0664164583379,13.3402363788,1.0,1.0,0.941281707923,0.900444701645,0.907906968207,0.541176490486,1.86666672956,0.0117647061124,0.0,0.64346366678,0.0313725508749,0.0313725508749,0.0150326802913,0.0128735636522,0.0117647061124,0.00784313771874,0.00784313771874,0.00518774789407,0.00367597296027,0.0156862754375,491.607142868,505.768907577,0.0,491.117241379,505.351724138,0.0,495.0,511.0,0.0,0.319145453729
17,18,no_gfp,18.0,1.0,505.404878049,73.0292682927,0.0,18.0,18.0,0.831476071292,1.0,1.0,0.177396051123,5.23834077391,1.0,0.95256917024,0.963981829563,0.819291641223,0.796245059183,1.76078438479,2.97647070326,0.0117647061124,0.00784313865006,0.330866673467,0.0431372560561,0.0431372560561,0.0212142696963,0.0227211504066,0.0235294122249,0.0117647061124,0.00784313771874,0.00979751593681,0.00945454523318,0.0313725508749,504.798418968,72.9380764296,0.0,505.030534351,72.7022900763,501.0,70.0,0.0,1.45267897248,18.0,18.0,18.0,1.0,1.0,0.387175601725,1.0,1.0,0.163665101916,6.02438429,1.0,1.0,0.992965995794,0.842608270729,0.844167025412,1.07843141817,3.96078449115,0.0313725508749,0.00392156839371,0.0885322782307,0.0431372560561,0.0431372560561,0.0317185711225,0.0330065374263,0.0313725508749,0.0235294122249,0.0235294122249,0.00396374671843,0.00377447467072,0.0352941192687,505.972277225,73.6207920779,0.0,506.058333333,73.6,0.0,502.0,70.0,0.0,1.45267897248
13,4,no_gfp,4.0,1.0,69.8569926393,24.8359621451,0.0,4.0,4.0,0.525619205847,0.842836705443,0.777757109286,0.443893646149,1.81627859323,1.0,0.262785938389,0.897905633778,0.919860048659,0.248232980314,5.90588256158,21.3450987972,0.0156862754375,0.00784313678741,3.32834442623,0.101960785687,0.101960785687,0.0286693328232,0.0264499365517,0.0235294122249,0.0156862754375,0.0117647061124,0.0174655227267,0.0129611770854,0.0352941192687,67.2755833833,25.5991181041,0.0,70.5576208178,25.0458488228,49.0,31.0,0.0,1.9473882886,4.0,4.0,4.0,1.0,1.0,0.605684029248,1.0,1.0,0.227801227653,4.02452376362,1.0,0.995607613474,0.957492273635,0.792183600178,0.816081141834,2.02745103091,10.7137257084,0.0470588244498,0.00784313678741,0.240884365927,0.0549019612372,0.0705882385373,0.0440750224111,0.0515082966751,0.0509803928435,0.0352941192687,0.0352941192687,0.00505290388049,0.00767268981287,0.0588235296309,66.176793559,23.5245241694,0.0,66.0192307692,23.7067307692,0.0,71.0,25.0,0.0,1.9473882886
6,81,no_gfp,81.0,1.0,345.609665428,266.583643123,0.0,81.0,81.0,-0.149198932005,0.756938604069,0.932203388875,0.130554178787,5.55231129846,0.756938604069,1.0,0.851397346684,0.672132849137,0.908889748587,1.06666671485,1.15686279722,0.00784313771874,0.00392156932503,2.52727108845,0.0352941192687,0.0352941192687,0.0122605369523,0.0127127779914,0.0117647061124,0.00392156885937,0.00392156885937,0.0067480903689,0.0070808311742,0.0156862754375,345.179661027,270.48474576,0.0,345.912087912,268.065934066,341.0,273.0,0.0,1.21150901299,81.0,81.0,81.0,1.0,1.0,0.651715409918,0.958648537957,0.975359342399,0.0451904041481,20.038133253,0.968112445501,0.951578947077,0.951594104687,0.624098599583,0.643591579193,0.533333357424,3.81960798893,0.0117647061124,0.00392156839371,0.854950418154,0.0274509806186,0.0313725508749,0.0102564107197,0.0154016451167,0.0156862754375,0.00392156885937,0.00392156885937,0.00581427928916,0.00592799904196,0.0196078438312,345.216632445,266.608829568,0.0,345.552419355,265.822580645,0.0,348.0,273.0,0.0,1.21150901299
8,142,no_gfp,142.0,1.0,505.060850835,538.31825525,0.0,142.0,142.0,0.038891557771,1.0,0.988442565127,0.361646343585,0.885585514888,0.751341499157,0.422367983573,0.565922930611,0.664550439926,0.396805228053,9.73725518864,55.6470606159,0.0117647061124,0.0156862745062,6.15481088952,0.129411771894,0.129411771894,0.0405718966193,0.0325231213419,0.0274509806186,0.0117647061124,0.00784313771874,0.0325280433799,0.0250984258561,0.0470588244498,500.018816093,533.225792795,0.0,504.617767387,537.316189363,486.0,530.0,0.0,0.989886916522,142.0,142.0,142.0,1.0,1.0,0.45193341918,1.0,1.0,0.157331982227,6.20133423786,1.0,1.0,0.987759185273,0.867437180952,0.86959774238,1.360784363,6.76078458317,0.0274509806186,0.00392156839371,0.269532751822,0.0392156876624,0.0431372560561,0.0289528587873,0.0321942123008,0.0313725508749,0.0156862754375,0.0156862754375,0.00495734740578,0.00530831864211,0.0352941192687,509.997099759,550.204756385,0.0,510.228571429,550.066666667,0.0,507.0,548.0,0.0,0.989886916522
19,44,no_gfp,44.0,1.0,244.276595745,180.781914894,0.0,44.0,44.0,-0.542547554085,0.348681456708,0.62626262447,0.0349433183302,17.477156943,1.0,1.0,0.781479275838,0.805841815744,0.840059127594,0.380392177496,0.388235315215,0.00392156885937,0.0,1.99246101668,0.0156862754375,0.0156862754375,0.00613535770155,0.00616246532087,0.00392156885937,0.00392156885937,0.00392156885937,0.00319840541895,0.00318009096062,0.00784313771874,245.303030284,183.242424216,0.0,244.444444444,181.444444444,250.0,189.0,0.0,0.827620468045,44.0,44.0,44.0,1.0,1.0,-0.258426882861,0.209926629316,0.424369745889,0.0179264352374,39.4565207018,1.0,1.0,0.841020072919,0.753403791661,0.790804126423,0.250980406068,0.93333338527,0.00392156885937,0.0,0.878598101769,0.0117647061124,0.0156862754375,0.00557734235707,0.00510018243317,0.00392156885937,0.00392156885937,0.00392156885937,0.00226244103332,0.00221666790842,0.00784313771874,244.49579831,181.34033612,0.0,244.131147541,180.540983607,0.0,248.0,186.0,0.0,0.827620468045
25,69,no_gfp,69.0,1.0,161.803418803,148.478632479,0.0,69.0,69.0,0.859368003995,1.0,1.0,0.150560070047,6.22100302538,0.953403833567,0.969026548531,0.96779886922,0.699779793472,0.716356790482,1.62352947239,1.80392163713,0.0156862754375,0.00784313678741,1.79671992751,0.0666666701436,0.0666666701436,0.0289915977212,0.0273321460171,0.0196078438312,0.00784313771874,0.00784313771874,0.0184486272787,0.0176829336147,0.0372549034655,160.334782627,148.519565191,0.0,161.924242424,147.681818182,159.0,147.0,0.0,1.55511920244,69.0,69.0,69.0,1.0,1.0,0.831327478993,1.0,1.0,0.134243995616,7.08394423018,0.98141557923,1.0,0.975180484925,0.703172111582,0.719290456499,0.925490228459,3.95294129569,0.0274509806186,0.0156862735748,0.765141847844,0.0666666701436,0.0705882385373,0.0298545234987,0.042504745115,0.0470588244498,0.00784313771874,0.00784313771874,0.0188645305058,0.0189978086549,0.0588235296309,160.744047618,149.39980157,0.0,161.494623656,149.548387097,0.0,162.0,147.0,0.0,1.55511920244
20,83,no_gfp,83.0,1.0,107.20358209,254.991044776,0.0,83.0,83.0,-0.142220464274,1.0,0.471194337558,8.34117673567,0.116439477335,0.00595783675186,0.0174295491168,0.985516240081,0.00451444331422,0.0130020506727,10.3254905185,43.7686287789,0.0117647061124,0.00392156932503,5.95876727128,0.262745112181,0.262745112181,0.0443154099505,0.0292571047987,0.0156862754375,0.00784313771874,0.00784313771874,0.0433828753278,0.0297602089179,0.0313725508749,103.048830785,250.818295857,0.0,107.142379679,255.148395722,99.0,265.0,0.0,0.504392630484,83.0,83.0,83.0,1.0,1.0,0.326929202393,1.0,1.0,0.0748622077392,11.3529878321,1.0,0.991462112948,0.921905490571,0.777312888145,0.802346846031,0.721568655223,3.67450994439,0.0117647061124,0.00392156932503,0.416294356997,0.0235294122249,0.0235294122249,0.0144313731045,0.0147570680498,0.0156862754375,0.00784313771874,0.00784313771874,0.00403292881469,0.00409129595247,0.0186274517328,107.33511205,253.770544289,0.0,107.734939759,253.654618474,0.0,108.0,251.0,0.0,0.504392630484
9,164,no_gfp,164.0,1.0,80.4812189936,541.396172927,0.0,164.0,164.0,0.549239345778,0.966706813319,0.922847398614,0.105356277172,7.77941382982,0.830430495243,0.442714125671,0.905323190739,0.405479322509,0.245889792873,4.62745114695,18.4000007077,0.00784313771874,0.0,0.46308313207,0.0980392172933,0.0980392172933,0.0188107770201,0.0140137096022,0.00784313771874,0.00784313771874,0.0,0.020241379498,0.0133644285489,0.0156862754375,81.4151747575,540.46270247,0.0,81.064737243,540.765422696,97.0,531.0,0.0,3.63964322789,164.0,164.0,164.0,1.0,1.0,0.600501363016,1.0,1.0,0.0964811178009,9.95781729005,1.0,1.0,0.980174139121,0.529945379543,0.533525684161,1.77647063136,8.16078452021,0.0470588244498,0.00784313678741,0.439477008147,0.0666666701436,0.0705882385373,0.0394771251414,0.0510049032513,0.0549019612372,0.0156862754375,0.0156862754375,0.0161033871126,0.0130100436393,0.0588235296309,72.0663142643,550.089860642,0.0,72.5,550.01875,0.0,70.0,555.0,0.0,3.63964322789
